USE [Doomsday]
GO
INSERT [dbo].[Foods] ([FoodID], [FoodDescription], [FoodPrice], [FoodStored], [FoodQuantity]) VALUES (N'F0001', N'Corn/pounds', 0.0500, N'Food Tent', 3000)
INSERT [dbo].[Foods] ([FoodID], [FoodDescription], [FoodPrice], [FoodStored], [FoodQuantity]) VALUES (N'F0002', N'Potatos/pounds', 0.0500, N'Food Tent', 1000)
INSERT [dbo].[Foods] ([FoodID], [FoodDescription], [FoodPrice], [FoodStored], [FoodQuantity]) VALUES (N'F0003', N'Pork/Pounds', 0.2500, N'Food Tent', 800)
INSERT [dbo].[Foods] ([FoodID], [FoodDescription], [FoodPrice], [FoodStored], [FoodQuantity]) VALUES (N'F0004', N'Beef/Pounds', 0.2500, N'Food Tent', 900)
INSERT [dbo].[Foods] ([FoodID], [FoodDescription], [FoodPrice], [FoodStored], [FoodQuantity]) VALUES (N'F0005', N'Chicken/Pounds', 0.1500, N'Food Tent', 1500)
INSERT [dbo].[Foods] ([FoodID], [FoodDescription], [FoodPrice], [FoodStored], [FoodQuantity]) VALUES (N'F0006', N'Cabbage', 0.0500, N'Food Tent', 2000)
INSERT [dbo].[Foods] ([FoodID], [FoodDescription], [FoodPrice], [FoodStored], [FoodQuantity]) VALUES (N'F0007', N'Tomatoes', 0.0500, N'Food Tent', 1800)
INSERT [dbo].[Foods] ([FoodID], [FoodDescription], [FoodPrice], [FoodStored], [FoodQuantity]) VALUES (N'F0008', N'Peas', 0.0500, N'Food Tent', 4000)
INSERT [dbo].[Foods] ([FoodID], [FoodDescription], [FoodPrice], [FoodStored], [FoodQuantity]) VALUES (N'F0009', N'Lettuce', 0.0500, N'Food Tent', 5000)
INSERT [dbo].[Foods] ([FoodID], [FoodDescription], [FoodPrice], [FoodStored], [FoodQuantity]) VALUES (N'F0010', N'Cucumber', 0.0500, N'Food Tent', 4500)
INSERT [dbo].[Foods] ([FoodID], [FoodDescription], [FoodPrice], [FoodStored], [FoodQuantity]) VALUES (N'F0011', N'Beans/Pounds', 0.2500, N'Food Tent', 8000)
INSERT [dbo].[Foods] ([FoodID], [FoodDescription], [FoodPrice], [FoodStored], [FoodQuantity]) VALUES (N'F0012', N'Watermelon', 0.0500, N'Food Tent', 6500)
INSERT [dbo].[Foods] ([FoodID], [FoodDescription], [FoodPrice], [FoodStored], [FoodQuantity]) VALUES (N'F0013', N'Cooks Choice', 0.7500, N'Food Tent', 1000)
INSERT [dbo].[Foods] ([FoodID], [FoodDescription], [FoodPrice], [FoodStored], [FoodQuantity]) VALUES (N'F0014', N'Cans of food', 0.7500, N'Food Tent', 8500)
INSERT [dbo].[Foods] ([FoodID], [FoodDescription], [FoodPrice], [FoodStored], [FoodQuantity]) VALUES (N'F0015', N'Bottle of Water', 1.0000, N'Food Tent', 9000)
GO
INSERT [dbo].[Inventory] ([InvID], [InvDescription]) VALUES (N'I0001', N'Hand Tools')
INSERT [dbo].[Inventory] ([InvID], [InvDescription]) VALUES (N'I0002', N'Handgun Ammunition')
INSERT [dbo].[Inventory] ([InvID], [InvDescription]) VALUES (N'I0003', N'Rifle Ammunition')
INSERT [dbo].[Inventory] ([InvID], [InvDescription]) VALUES (N'I0004', N'Shotgun Ammunition')
INSERT [dbo].[Inventory] ([InvID], [InvDescription]) VALUES (N'I0005', N'Concrete/Sand bags')
INSERT [dbo].[Inventory] ([InvID], [InvDescription]) VALUES (N'I0006', N'Boards')
INSERT [dbo].[Inventory] ([InvID], [InvDescription]) VALUES (N'I0007', N'Nails/Screws')
INSERT [dbo].[Inventory] ([InvID], [InvDescription]) VALUES (N'I0008', N'Cans of food')
INSERT [dbo].[Inventory] ([InvID], [InvDescription]) VALUES (N'I0009', N'Bottle of Water')
INSERT [dbo].[Inventory] ([InvID], [InvDescription]) VALUES (N'I0010', N'Bandages')
INSERT [dbo].[Inventory] ([InvID], [InvDescription]) VALUES (N'I0011', N'Blood Bags')
INSERT [dbo].[Inventory] ([InvID], [InvDescription]) VALUES (N'I0012', N'Gas cans(empty)')
INSERT [dbo].[Inventory] ([InvID], [InvDescription]) VALUES (N'I0013', N'Scrap Metal')
INSERT [dbo].[Inventory] ([InvID], [InvDescription]) VALUES (N'I0014', N'Generator')
INSERT [dbo].[Inventory] ([InvID], [InvDescription]) VALUES (N'I0015', N'Tires')
INSERT [dbo].[Inventory] ([InvID], [InvDescription]) VALUES (N'I0016', N'Sleeping Bags')
INSERT [dbo].[Inventory] ([InvID], [InvDescription]) VALUES (N'I0017', N'Body Armor')
INSERT [dbo].[Inventory] ([InvID], [InvDescription]) VALUES (N'I0018', N'Flashlight')
INSERT [dbo].[Inventory] ([InvID], [InvDescription]) VALUES (N'I0019', N'Gas cans(full)')
GO
INSERT [dbo].[Jobs] ([JobID], [JobDescription], [JobBasePayPerDay]) VALUES (N'J0001', N'Mechanic', 5.0000)
INSERT [dbo].[Jobs] ([JobID], [JobDescription], [JobBasePayPerDay]) VALUES (N'J0002', N'Medic', 8.0000)
INSERT [dbo].[Jobs] ([JobID], [JobDescription], [JobBasePayPerDay]) VALUES (N'J0003', N'Farmer', 4.0000)
INSERT [dbo].[Jobs] ([JobID], [JobDescription], [JobBasePayPerDay]) VALUES (N'J0004', N'Sentry', 3.0000)
INSERT [dbo].[Jobs] ([JobID], [JobDescription], [JobBasePayPerDay]) VALUES (N'J0005', N'Scout', 10.0000)
INSERT [dbo].[Jobs] ([JobID], [JobDescription], [JobBasePayPerDay]) VALUES (N'J0006', N'Finance Officer', 3.0000)
INSERT [dbo].[Jobs] ([JobID], [JobDescription], [JobBasePayPerDay]) VALUES (N'J0007', N'Body Disposal', 8.0000)
INSERT [dbo].[Jobs] ([JobID], [JobDescription], [JobBasePayPerDay]) VALUES (N'J0008', N'Merchant', 2.0000)
INSERT [dbo].[Jobs] ([JobID], [JobDescription], [JobBasePayPerDay]) VALUES (N'J0009', N'Transport', 10.0000)
INSERT [dbo].[Jobs] ([JobID], [JobDescription], [JobBasePayPerDay]) VALUES (N'J0010', N'Scientist', 8.0000)
INSERT [dbo].[Jobs] ([JobID], [JobDescription], [JobBasePayPerDay]) VALUES (N'J0011', N'Gatherer/Looter', 10.0000)
INSERT [dbo].[Jobs] ([JobID], [JobDescription], [JobBasePayPerDay]) VALUES (N'J0012', N'Cook', 3.0000)
INSERT [dbo].[Jobs] ([JobID], [JobDescription], [JobBasePayPerDay]) VALUES (N'J0013', N'Ammunition Engineer', 8.0000)
INSERT [dbo].[Jobs] ([JobID], [JobDescription], [JobBasePayPerDay]) VALUES (N'J0014', N'Doctor', 12.0000)
GO
INSERT [dbo].[Medicine] ([MedicineID], [MedicineDescription], [MedicinePrice], [MedicineStored], [MedicineQuantity]) VALUES (N'M0001', N'Bottle of Antibiotics', 5.0000, N'Medical Tent', 500)
INSERT [dbo].[Medicine] ([MedicineID], [MedicineDescription], [MedicinePrice], [MedicineStored], [MedicineQuantity]) VALUES (N'M0002', N'Bottle of Tylenol', 6.1500, N'Medical Tent', 300)
INSERT [dbo].[Medicine] ([MedicineID], [MedicineDescription], [MedicinePrice], [MedicineStored], [MedicineQuantity]) VALUES (N'M0003', N'Syringes', 2.0000, N'Medical Tent', 500)
INSERT [dbo].[Medicine] ([MedicineID], [MedicineDescription], [MedicinePrice], [MedicineStored], [MedicineQuantity]) VALUES (N'M0004', N'Gause', 1.5000, N'Medical Tent', 300)
INSERT [dbo].[Medicine] ([MedicineID], [MedicineDescription], [MedicinePrice], [MedicineStored], [MedicineQuantity]) VALUES (N'M0005', N'Bandages', 1.7500, N'Medical Tent', 70000)
INSERT [dbo].[Medicine] ([MedicineID], [MedicineDescription], [MedicinePrice], [MedicineStored], [MedicineQuantity]) VALUES (N'M0006', N'Cup of Sugar', 0.7500, N'Medical Tent', 10000)
INSERT [dbo].[Medicine] ([MedicineID], [MedicineDescription], [MedicinePrice], [MedicineStored], [MedicineQuantity]) VALUES (N'M0007', N'Tournequet', 0.5000, N'Medical Tent', 800)
INSERT [dbo].[Medicine] ([MedicineID], [MedicineDescription], [MedicinePrice], [MedicineStored], [MedicineQuantity]) VALUES (N'M0008', N'Stitches', 1.5000, N'Medical Tent', 400)
INSERT [dbo].[Medicine] ([MedicineID], [MedicineDescription], [MedicinePrice], [MedicineStored], [MedicineQuantity]) VALUES (N'M0009', N'Bottle of Hydrogen Peroxide', 3.0000, N'Medical Tent', 150)
INSERT [dbo].[Medicine] ([MedicineID], [MedicineDescription], [MedicinePrice], [MedicineStored], [MedicineQuantity]) VALUES (N'M0010', N'Bottle of Cough Syrup', 4.2500, N'Medical Tent', 250)
INSERT [dbo].[Medicine] ([MedicineID], [MedicineDescription], [MedicinePrice], [MedicineStored], [MedicineQuantity]) VALUES (N'M0011', N'Blood Bags', 5.0000, N'Medical Tent', 300)
GO
INSERT [dbo].[Misc] ([MiscID], [MiscDescription], [MiscPrice], [MiscStored], [MiscQuantity]) VALUES (N'U0001', N'Hand Tools', 1.5000, N'Garage', 20)
INSERT [dbo].[Misc] ([MiscID], [MiscDescription], [MiscPrice], [MiscStored], [MiscQuantity]) VALUES (N'U0002', N'Handgun Ammunition', 0.0500, N'Armory Tent', 10000)
INSERT [dbo].[Misc] ([MiscID], [MiscDescription], [MiscPrice], [MiscStored], [MiscQuantity]) VALUES (N'U0003', N'Rifle Ammunition', 0.1500, N'Armory Tent', 15000)
INSERT [dbo].[Misc] ([MiscID], [MiscDescription], [MiscPrice], [MiscStored], [MiscQuantity]) VALUES (N'U0004', N'Shotgun Ammunition', 0.1000, N'Armory Tent', 10000)
INSERT [dbo].[Misc] ([MiscID], [MiscDescription], [MiscPrice], [MiscStored], [MiscQuantity]) VALUES (N'U0005', N'Concrete/Sand bags', 2.0000, N'Garage', 500)
INSERT [dbo].[Misc] ([MiscID], [MiscDescription], [MiscPrice], [MiscStored], [MiscQuantity]) VALUES (N'U0006', N'Boards', 0.5000, N'Single', 800)
INSERT [dbo].[Misc] ([MiscID], [MiscDescription], [MiscPrice], [MiscStored], [MiscQuantity]) VALUES (N'U0007', N'Nails/Screws', 0.2500, N'Garage', 20000)
INSERT [dbo].[Misc] ([MiscID], [MiscDescription], [MiscPrice], [MiscStored], [MiscQuantity]) VALUES (N'U0008', N'Scrap Metal', 1.0000, N'Garage', 50000)
INSERT [dbo].[Misc] ([MiscID], [MiscDescription], [MiscPrice], [MiscStored], [MiscQuantity]) VALUES (N'U0009', N'Tires', 5.0000, N'Garage', 400)
INSERT [dbo].[Misc] ([MiscID], [MiscDescription], [MiscPrice], [MiscStored], [MiscQuantity]) VALUES (N'U0010', N'Sleeping Bags', 8.0000, N'Medical Tent', 50)
INSERT [dbo].[Misc] ([MiscID], [MiscDescription], [MiscPrice], [MiscStored], [MiscQuantity]) VALUES (N'U0011', N'Body Armor', 8.0000, N'Armory Tent', 100)
INSERT [dbo].[Misc] ([MiscID], [MiscDescription], [MiscPrice], [MiscStored], [MiscQuantity]) VALUES (N'U0012', N'Flashlight', 2.0000, N'Garage', 100)
INSERT [dbo].[Misc] ([MiscID], [MiscDescription], [MiscPrice], [MiscStored], [MiscQuantity]) VALUES (N'U0013', N'Gas cans(empty)', 3.0000, N'Garage', 50)
INSERT [dbo].[Misc] ([MiscID], [MiscDescription], [MiscPrice], [MiscStored], [MiscQuantity]) VALUES (N'U0014', N'Gas cans(full)', 8.0000, N'Garage', 25)
GO
INSERT [dbo].[Missions] ([MissionID], [MissionDate], [MissionObjective], [ZombieID], [PayPerPerson]) VALUES (N'Q0001', CAST(N'2025-10-31T00:00:00.000' AS DateTime), N'Gather raw materials from the nearby landfill.', N'Z0005', 5.0000)
INSERT [dbo].[Missions] ([MissionID], [MissionDate], [MissionObjective], [ZombieID], [PayPerPerson]) VALUES (N'Q0002', CAST(N'2025-11-01T00:00:00.000' AS DateTime), N'Build a new watchtower on the south west corner of Saint Cloud Jail', N'Z0008', 10.0000)
GO
INSERT [dbo].[People] ([PeopleID], [PeopleFirstName], [PeopleLastName], [PeopleDateOfBirth], [AmountOfMoney]) VALUES (N'P0001', N'Greg', N'Laurence', CAST(N'1990-01-12T00:00:00.000' AS DateTime), 38.7000)
INSERT [dbo].[People] ([PeopleID], [PeopleFirstName], [PeopleLastName], [PeopleDateOfBirth], [AmountOfMoney]) VALUES (N'P0002', N'Sasha', N'Dubow', CAST(N'1980-10-13T00:00:00.000' AS DateTime), 95.0148)
INSERT [dbo].[People] ([PeopleID], [PeopleFirstName], [PeopleLastName], [PeopleDateOfBirth], [AmountOfMoney]) VALUES (N'P0003', N'William', N'Sanchez', CAST(N'1990-01-14T00:00:00.000' AS DateTime), 26.7014)
INSERT [dbo].[People] ([PeopleID], [PeopleFirstName], [PeopleLastName], [PeopleDateOfBirth], [AmountOfMoney]) VALUES (N'P0004', N'Jesse', N'Shrowdel', CAST(N'1990-11-25T00:00:00.000' AS DateTime), 19.3449)
INSERT [dbo].[People] ([PeopleID], [PeopleFirstName], [PeopleLastName], [PeopleDateOfBirth], [AmountOfMoney]) VALUES (N'P0005', N'Phillip', N'Shriner', CAST(N'1978-10-26T00:00:00.000' AS DateTime), 27.5918)
INSERT [dbo].[People] ([PeopleID], [PeopleFirstName], [PeopleLastName], [PeopleDateOfBirth], [AmountOfMoney]) VALUES (N'P0006', N'Miranda', N'Spencer', CAST(N'1990-01-17T00:00:00.000' AS DateTime), 22.9851)
INSERT [dbo].[People] ([PeopleID], [PeopleFirstName], [PeopleLastName], [PeopleDateOfBirth], [AmountOfMoney]) VALUES (N'P0007', N'Natalie', N'Heughs', CAST(N'1970-11-18T00:00:00.000' AS DateTime), 46.2676)
INSERT [dbo].[People] ([PeopleID], [PeopleFirstName], [PeopleLastName], [PeopleDateOfBirth], [AmountOfMoney]) VALUES (N'P0008', N'Dan', N'Francis', CAST(N'1990-01-19T00:00:00.000' AS DateTime), 98.3835)
INSERT [dbo].[People] ([PeopleID], [PeopleFirstName], [PeopleLastName], [PeopleDateOfBirth], [AmountOfMoney]) VALUES (N'P0009', N'Quincy', N'Jones', CAST(N'1980-10-20T00:00:00.000' AS DateTime), 45.2500)
INSERT [dbo].[People] ([PeopleID], [PeopleFirstName], [PeopleLastName], [PeopleDateOfBirth], [AmountOfMoney]) VALUES (N'P0010', N'Kendra', N'Lowell', CAST(N'1990-01-21T00:00:00.000' AS DateTime), 17.0057)
INSERT [dbo].[People] ([PeopleID], [PeopleFirstName], [PeopleLastName], [PeopleDateOfBirth], [AmountOfMoney]) VALUES (N'P0011', N'Kloe', N'Peterson', CAST(N'1970-01-22T00:00:00.000' AS DateTime), 91.5988)
INSERT [dbo].[People] ([PeopleID], [PeopleFirstName], [PeopleLastName], [PeopleDateOfBirth], [AmountOfMoney]) VALUES (N'P0012', N'Bryan', N'Ocknor', CAST(N'1993-10-23T00:00:00.000' AS DateTime), 66.7872)
INSERT [dbo].[People] ([PeopleID], [PeopleFirstName], [PeopleLastName], [PeopleDateOfBirth], [AmountOfMoney]) VALUES (N'P0013', N'Sade', N'Lola', CAST(N'1971-09-24T00:00:00.000' AS DateTime), 10.0703)
INSERT [dbo].[People] ([PeopleID], [PeopleFirstName], [PeopleLastName], [PeopleDateOfBirth], [AmountOfMoney]) VALUES (N'P0014', N'Nicks', N'Shi', CAST(N'1992-10-20T00:00:00.000' AS DateTime), 47.6122)
INSERT [dbo].[People] ([PeopleID], [PeopleFirstName], [PeopleLastName], [PeopleDateOfBirth], [AmountOfMoney]) VALUES (N'P0015', N'Paul', N'Larson', CAST(N'1989-11-26T00:00:00.000' AS DateTime), 58.6296)
INSERT [dbo].[People] ([PeopleID], [PeopleFirstName], [PeopleLastName], [PeopleDateOfBirth], [AmountOfMoney]) VALUES (N'P0016', N'Peter', N'Patson', CAST(N'1990-01-27T00:00:00.000' AS DateTime), 31.1252)
INSERT [dbo].[People] ([PeopleID], [PeopleFirstName], [PeopleLastName], [PeopleDateOfBirth], [AmountOfMoney]) VALUES (N'P0017', N'Kloe', N'Obrian', CAST(N'1990-10-12T00:00:00.000' AS DateTime), 77.5135)
INSERT [dbo].[People] ([PeopleID], [PeopleFirstName], [PeopleLastName], [PeopleDateOfBirth], [AmountOfMoney]) VALUES (N'P0018', N'Sam', N'Osvald', CAST(N'1989-10-29T00:00:00.000' AS DateTime), 84.6118)
INSERT [dbo].[People] ([PeopleID], [PeopleFirstName], [PeopleLastName], [PeopleDateOfBirth], [AmountOfMoney]) VALUES (N'P0019', N'Martin', N'King', CAST(N'1990-10-30T00:00:00.000' AS DateTime), 83.3591)
INSERT [dbo].[People] ([PeopleID], [PeopleFirstName], [PeopleLastName], [PeopleDateOfBirth], [AmountOfMoney]) VALUES (N'P0020', N'Joe', N'Martinez', CAST(N'1990-01-31T00:00:00.000' AS DateTime), 78.1757)
INSERT [dbo].[People] ([PeopleID], [PeopleFirstName], [PeopleLastName], [PeopleDateOfBirth], [AmountOfMoney]) VALUES (N'P0021', N'Miriam', N'Koffi', CAST(N'1990-08-01T00:00:00.000' AS DateTime), 41.2611)
INSERT [dbo].[People] ([PeopleID], [PeopleFirstName], [PeopleLastName], [PeopleDateOfBirth], [AmountOfMoney]) VALUES (N'P0022', N'Rachel', N'Ross', CAST(N'1990-02-02T00:00:00.000' AS DateTime), 50.0112)
INSERT [dbo].[People] ([PeopleID], [PeopleFirstName], [PeopleLastName], [PeopleDateOfBirth], [AmountOfMoney]) VALUES (N'P0023', N'Mary', N'Johnson', CAST(N'1990-12-03T00:00:00.000' AS DateTime), 97.0637)
INSERT [dbo].[People] ([PeopleID], [PeopleFirstName], [PeopleLastName], [PeopleDateOfBirth], [AmountOfMoney]) VALUES (N'P0024', N'Tasha', N'Cobbs', CAST(N'1990-02-04T00:00:00.000' AS DateTime), 33.1625)
INSERT [dbo].[People] ([PeopleID], [PeopleFirstName], [PeopleLastName], [PeopleDateOfBirth], [AmountOfMoney]) VALUES (N'P0025', N'Melanie', N'Ferari', CAST(N'1979-02-05T00:00:00.000' AS DateTime), 71.8250)
INSERT [dbo].[People] ([PeopleID], [PeopleFirstName], [PeopleLastName], [PeopleDateOfBirth], [AmountOfMoney]) VALUES (N'P0026', N'Mell', N'Bona', CAST(N'1990-02-06T00:00:00.000' AS DateTime), 82.7005)
INSERT [dbo].[People] ([PeopleID], [PeopleFirstName], [PeopleLastName], [PeopleDateOfBirth], [AmountOfMoney]) VALUES (N'P0027', N'Tiffany', N'Joujou', CAST(N'1988-09-07T00:00:00.000' AS DateTime), 63.7545)
INSERT [dbo].[People] ([PeopleID], [PeopleFirstName], [PeopleLastName], [PeopleDateOfBirth], [AmountOfMoney]) VALUES (N'P0028', N'Sarah', N'Bamba', CAST(N'1989-02-08T00:00:00.000' AS DateTime), 56.2400)
INSERT [dbo].[People] ([PeopleID], [PeopleFirstName], [PeopleLastName], [PeopleDateOfBirth], [AmountOfMoney]) VALUES (N'P0029', N'Grace', N'Kolt', CAST(N'1978-02-09T00:00:00.000' AS DateTime), 39.1256)
INSERT [dbo].[People] ([PeopleID], [PeopleFirstName], [PeopleLastName], [PeopleDateOfBirth], [AmountOfMoney]) VALUES (N'P0030', N'Faith', N'Arsange', CAST(N'1970-02-10T00:00:00.000' AS DateTime), 31.1247)
INSERT [dbo].[People] ([PeopleID], [PeopleFirstName], [PeopleLastName], [PeopleDateOfBirth], [AmountOfMoney]) VALUES (N'P0031', N'Kamala', N'Harris', CAST(N'1990-02-11T00:00:00.000' AS DateTime), 79.8723)
INSERT [dbo].[People] ([PeopleID], [PeopleFirstName], [PeopleLastName], [PeopleDateOfBirth], [AmountOfMoney]) VALUES (N'P0032', N'Kevin', N'Dior', CAST(N'1980-02-12T00:00:00.000' AS DateTime), 13.3203)
INSERT [dbo].[People] ([PeopleID], [PeopleFirstName], [PeopleLastName], [PeopleDateOfBirth], [AmountOfMoney]) VALUES (N'P0033', N'Cynthia', N'Lolas', CAST(N'1990-02-13T00:00:00.000' AS DateTime), 39.6578)
INSERT [dbo].[People] ([PeopleID], [PeopleFirstName], [PeopleLastName], [PeopleDateOfBirth], [AmountOfMoney]) VALUES (N'P0034', N'Paula', N'Gibbs', CAST(N'1990-03-14T00:00:00.000' AS DateTime), 89.9520)
INSERT [dbo].[People] ([PeopleID], [PeopleFirstName], [PeopleLastName], [PeopleDateOfBirth], [AmountOfMoney]) VALUES (N'P0035', N'Mona', N'Macron', CAST(N'1992-04-15T00:00:00.000' AS DateTime), 28.4638)
INSERT [dbo].[People] ([PeopleID], [PeopleFirstName], [PeopleLastName], [PeopleDateOfBirth], [AmountOfMoney]) VALUES (N'P0036', N'Theo', N'Andrew', CAST(N'1990-05-16T00:00:00.000' AS DateTime), 32.6444)
INSERT [dbo].[People] ([PeopleID], [PeopleFirstName], [PeopleLastName], [PeopleDateOfBirth], [AmountOfMoney]) VALUES (N'P0037', N'Pascaline', N'Karr', CAST(N'1990-07-17T00:00:00.000' AS DateTime), 98.7080)
INSERT [dbo].[People] ([PeopleID], [PeopleFirstName], [PeopleLastName], [PeopleDateOfBirth], [AmountOfMoney]) VALUES (N'P0038', N'Alline', N'King', CAST(N'1991-08-18T00:00:00.000' AS DateTime), 54.6695)
INSERT [dbo].[People] ([PeopleID], [PeopleFirstName], [PeopleLastName], [PeopleDateOfBirth], [AmountOfMoney]) VALUES (N'P0039', N'Aleandro', N'Mayorkas', CAST(N'1990-07-19T00:00:00.000' AS DateTime), 43.1239)
INSERT [dbo].[People] ([PeopleID], [PeopleFirstName], [PeopleLastName], [PeopleDateOfBirth], [AmountOfMoney]) VALUES (N'P0040', N'Martha', N'Melvin', CAST(N'1990-11-20T00:00:00.000' AS DateTime), 65.7101)
INSERT [dbo].[People] ([PeopleID], [PeopleFirstName], [PeopleLastName], [PeopleDateOfBirth], [AmountOfMoney]) VALUES (N'P0041', N'Mary', N'Monarc', CAST(N'1992-10-21T00:00:00.000' AS DateTime), 42.2181)
INSERT [dbo].[People] ([PeopleID], [PeopleFirstName], [PeopleLastName], [PeopleDateOfBirth], [AmountOfMoney]) VALUES (N'P0042', N'John', N'Jesse', CAST(N'1990-02-22T00:00:00.000' AS DateTime), 71.0842)
INSERT [dbo].[People] ([PeopleID], [PeopleFirstName], [PeopleLastName], [PeopleDateOfBirth], [AmountOfMoney]) VALUES (N'P0043', N'Stephen', N'Peterson', CAST(N'1990-07-23T00:00:00.000' AS DateTime), 85.4451)
INSERT [dbo].[People] ([PeopleID], [PeopleFirstName], [PeopleLastName], [PeopleDateOfBirth], [AmountOfMoney]) VALUES (N'P0044', N'David', N'Alcatras', CAST(N'1990-02-24T00:00:00.000' AS DateTime), 82.9707)
INSERT [dbo].[People] ([PeopleID], [PeopleFirstName], [PeopleLastName], [PeopleDateOfBirth], [AmountOfMoney]) VALUES (N'P0045', N'Dino', N'Versace', CAST(N'1990-12-25T00:00:00.000' AS DateTime), 24.4089)
INSERT [dbo].[People] ([PeopleID], [PeopleFirstName], [PeopleLastName], [PeopleDateOfBirth], [AmountOfMoney]) VALUES (N'P0046', N'Mousa', N'Alioune', CAST(N'1990-02-26T00:00:00.000' AS DateTime), 11.9600)
INSERT [dbo].[People] ([PeopleID], [PeopleFirstName], [PeopleLastName], [PeopleDateOfBirth], [AmountOfMoney]) VALUES (N'P0047', N'Baka', N'Bakary', CAST(N'1990-02-27T00:00:00.000' AS DateTime), 60.6530)
INSERT [dbo].[People] ([PeopleID], [PeopleFirstName], [PeopleLastName], [PeopleDateOfBirth], [AmountOfMoney]) VALUES (N'P0048', N'Baley', N'Thones', CAST(N'1990-02-28T00:00:00.000' AS DateTime), 68.4288)
INSERT [dbo].[People] ([PeopleID], [PeopleFirstName], [PeopleLastName], [PeopleDateOfBirth], [AmountOfMoney]) VALUES (N'P0049', N'Brenda', N'Blake', CAST(N'1990-03-01T00:00:00.000' AS DateTime), 22.7278)
INSERT [dbo].[People] ([PeopleID], [PeopleFirstName], [PeopleLastName], [PeopleDateOfBirth], [AmountOfMoney]) VALUES (N'P0050', N'Angela', N'Brunette', CAST(N'1990-03-02T00:00:00.000' AS DateTime), 29.7375)
INSERT [dbo].[People] ([PeopleID], [PeopleFirstName], [PeopleLastName], [PeopleDateOfBirth], [AmountOfMoney]) VALUES (N'P0051', N'Angelo', N'Kabila', CAST(N'1990-03-03T00:00:00.000' AS DateTime), 80.5737)
INSERT [dbo].[People] ([PeopleID], [PeopleFirstName], [PeopleLastName], [PeopleDateOfBirth], [AmountOfMoney]) VALUES (N'P0052', N'Beyonce', N'Knowles', CAST(N'1990-03-04T00:00:00.000' AS DateTime), 57.6982)
INSERT [dbo].[People] ([PeopleID], [PeopleFirstName], [PeopleLastName], [PeopleDateOfBirth], [AmountOfMoney]) VALUES (N'P0053', N'Ruth', N'Moab', CAST(N'1990-03-05T00:00:00.000' AS DateTime), 58.3022)
INSERT [dbo].[People] ([PeopleID], [PeopleFirstName], [PeopleLastName], [PeopleDateOfBirth], [AmountOfMoney]) VALUES (N'P0054', N'Martita', N'Brown', CAST(N'1990-03-06T00:00:00.000' AS DateTime), 45.7255)
INSERT [dbo].[People] ([PeopleID], [PeopleFirstName], [PeopleLastName], [PeopleDateOfBirth], [AmountOfMoney]) VALUES (N'P0055', N'Mama', N'Sefora', CAST(N'1990-03-07T00:00:00.000' AS DateTime), 12.2322)
INSERT [dbo].[People] ([PeopleID], [PeopleFirstName], [PeopleLastName], [PeopleDateOfBirth], [AmountOfMoney]) VALUES (N'P0056', N'Magnolia', N'France', CAST(N'1990-03-08T00:00:00.000' AS DateTime), 24.2695)
INSERT [dbo].[People] ([PeopleID], [PeopleFirstName], [PeopleLastName], [PeopleDateOfBirth], [AmountOfMoney]) VALUES (N'P0057', N'France', N'Kepir', CAST(N'1990-03-09T00:00:00.000' AS DateTime), 87.7239)
INSERT [dbo].[People] ([PeopleID], [PeopleFirstName], [PeopleLastName], [PeopleDateOfBirth], [AmountOfMoney]) VALUES (N'P0058', N'Lionel', N'Messi', CAST(N'1990-03-10T00:00:00.000' AS DateTime), 14.8935)
INSERT [dbo].[People] ([PeopleID], [PeopleFirstName], [PeopleLastName], [PeopleDateOfBirth], [AmountOfMoney]) VALUES (N'P0059', N'Lea', N'Dupont', CAST(N'1991-09-11T00:00:00.000' AS DateTime), 29.4334)
INSERT [dbo].[People] ([PeopleID], [PeopleFirstName], [PeopleLastName], [PeopleDateOfBirth], [AmountOfMoney]) VALUES (N'P0060', N'Leo', N'Dicaprio', CAST(N'1990-03-12T00:00:00.000' AS DateTime), 83.0120)
INSERT [dbo].[People] ([PeopleID], [PeopleFirstName], [PeopleLastName], [PeopleDateOfBirth], [AmountOfMoney]) VALUES (N'P0061', N'Bratt', N'Billy', CAST(N'1990-03-13T00:00:00.000' AS DateTime), 36.6953)
INSERT [dbo].[People] ([PeopleID], [PeopleFirstName], [PeopleLastName], [PeopleDateOfBirth], [AmountOfMoney]) VALUES (N'P0062', N'Belinda', N'Burn', CAST(N'1990-03-14T00:00:00.000' AS DateTime), 54.5653)
INSERT [dbo].[People] ([PeopleID], [PeopleFirstName], [PeopleLastName], [PeopleDateOfBirth], [AmountOfMoney]) VALUES (N'P0063', N'Bella', N'Ella', CAST(N'1990-03-15T00:00:00.000' AS DateTime), 23.5560)
INSERT [dbo].[People] ([PeopleID], [PeopleFirstName], [PeopleLastName], [PeopleDateOfBirth], [AmountOfMoney]) VALUES (N'P0064', N'Aurelie', N'Niane', CAST(N'1989-03-16T00:00:00.000' AS DateTime), 27.4389)
INSERT [dbo].[People] ([PeopleID], [PeopleFirstName], [PeopleLastName], [PeopleDateOfBirth], [AmountOfMoney]) VALUES (N'P0065', N'Jasmina', N'Sengor', CAST(N'1988-03-17T00:00:00.000' AS DateTime), 87.9027)
INSERT [dbo].[People] ([PeopleID], [PeopleFirstName], [PeopleLastName], [PeopleDateOfBirth], [AmountOfMoney]) VALUES (N'P0066', N'Jared', N'Aboulaye', CAST(N'1991-03-18T00:00:00.000' AS DateTime), 19.1362)
INSERT [dbo].[People] ([PeopleID], [PeopleFirstName], [PeopleLastName], [PeopleDateOfBirth], [AmountOfMoney]) VALUES (N'P0067', N'Elizabeth', N'Casty', CAST(N'1992-03-19T00:00:00.000' AS DateTime), 40.9260)
INSERT [dbo].[People] ([PeopleID], [PeopleFirstName], [PeopleLastName], [PeopleDateOfBirth], [AmountOfMoney]) VALUES (N'P0068', N'Elle', N'Magic', CAST(N'1990-03-20T00:00:00.000' AS DateTime), 18.8880)
INSERT [dbo].[People] ([PeopleID], [PeopleFirstName], [PeopleLastName], [PeopleDateOfBirth], [AmountOfMoney]) VALUES (N'P0069', N'Jesse', N'Kerr', CAST(N'1994-03-21T00:00:00.000' AS DateTime), 78.2993)
INSERT [dbo].[People] ([PeopleID], [PeopleFirstName], [PeopleLastName], [PeopleDateOfBirth], [AmountOfMoney]) VALUES (N'P0070', N'Scott', N'Merkel', CAST(N'1993-03-22T00:00:00.000' AS DateTime), 80.5358)
INSERT [dbo].[People] ([PeopleID], [PeopleFirstName], [PeopleLastName], [PeopleDateOfBirth], [AmountOfMoney]) VALUES (N'P0071', N'Kolia', N'Evra', CAST(N'1992-03-23T00:00:00.000' AS DateTime), 7.3141)
INSERT [dbo].[People] ([PeopleID], [PeopleFirstName], [PeopleLastName], [PeopleDateOfBirth], [AmountOfMoney]) VALUES (N'P0072', N'Alin', N'Lampard', CAST(N'1991-03-24T00:00:00.000' AS DateTime), 91.8850)
INSERT [dbo].[People] ([PeopleID], [PeopleFirstName], [PeopleLastName], [PeopleDateOfBirth], [AmountOfMoney]) VALUES (N'P0073', N'Adasha', N'Stephane', CAST(N'1994-03-25T00:00:00.000' AS DateTime), 80.9109)
INSERT [dbo].[People] ([PeopleID], [PeopleFirstName], [PeopleLastName], [PeopleDateOfBirth], [AmountOfMoney]) VALUES (N'P0074', N'Bet', N'Luwa', CAST(N'1993-03-26T00:00:00.000' AS DateTime), 62.8141)
INSERT [dbo].[People] ([PeopleID], [PeopleFirstName], [PeopleLastName], [PeopleDateOfBirth], [AmountOfMoney]) VALUES (N'P0075', N'Brett', N'Dara', CAST(N'1970-03-27T00:00:00.000' AS DateTime), 5.4835)
INSERT [dbo].[People] ([PeopleID], [PeopleFirstName], [PeopleLastName], [PeopleDateOfBirth], [AmountOfMoney]) VALUES (N'P0076', N'Edwin', N'Morgan', CAST(N'1976-03-28T00:00:00.000' AS DateTime), 45.2580)
INSERT [dbo].[People] ([PeopleID], [PeopleFirstName], [PeopleLastName], [PeopleDateOfBirth], [AmountOfMoney]) VALUES (N'P0077', N'Edward', N'Charles', CAST(N'1978-03-29T00:00:00.000' AS DateTime), 63.0523)
INSERT [dbo].[People] ([PeopleID], [PeopleFirstName], [PeopleLastName], [PeopleDateOfBirth], [AmountOfMoney]) VALUES (N'P0078', N'Edouardo', N'Philipp', CAST(N'1993-03-30T00:00:00.000' AS DateTime), 28.1108)
INSERT [dbo].[People] ([PeopleID], [PeopleFirstName], [PeopleLastName], [PeopleDateOfBirth], [AmountOfMoney]) VALUES (N'P0079', N'Elvis', N'Presly', CAST(N'1980-03-31T00:00:00.000' AS DateTime), 98.1999)
INSERT [dbo].[People] ([PeopleID], [PeopleFirstName], [PeopleLastName], [PeopleDateOfBirth], [AmountOfMoney]) VALUES (N'P0080', N'Elvira', N'Kouassi', CAST(N'1973-04-01T00:00:00.000' AS DateTime), 26.5342)
INSERT [dbo].[People] ([PeopleID], [PeopleFirstName], [PeopleLastName], [PeopleDateOfBirth], [AmountOfMoney]) VALUES (N'P0081', N'Evelyne', N'Niaga', CAST(N'1989-07-02T00:00:00.000' AS DateTime), 77.2629)
INSERT [dbo].[People] ([PeopleID], [PeopleFirstName], [PeopleLastName], [PeopleDateOfBirth], [AmountOfMoney]) VALUES (N'P0082', N'Eve', N'Hollande', CAST(N'1984-04-03T00:00:00.000' AS DateTime), 53.2642)
INSERT [dbo].[People] ([PeopleID], [PeopleFirstName], [PeopleLastName], [PeopleDateOfBirth], [AmountOfMoney]) VALUES (N'P0083', N'Bianka', N'Gabriella', CAST(N'1985-04-04T00:00:00.000' AS DateTime), 14.1753)
INSERT [dbo].[People] ([PeopleID], [PeopleFirstName], [PeopleLastName], [PeopleDateOfBirth], [AmountOfMoney]) VALUES (N'P0084', N'Benedicta', N'Brian', CAST(N'1986-04-05T00:00:00.000' AS DateTime), 17.7156)
INSERT [dbo].[People] ([PeopleID], [PeopleFirstName], [PeopleLastName], [PeopleDateOfBirth], [AmountOfMoney]) VALUES (N'P0085', N'Rosa', N'Lore', CAST(N'1988-05-06T00:00:00.000' AS DateTime), 54.5964)
INSERT [dbo].[People] ([PeopleID], [PeopleFirstName], [PeopleLastName], [PeopleDateOfBirth], [AmountOfMoney]) VALUES (N'P0086', N'Rosaline', N'Ridwan', CAST(N'1989-04-07T00:00:00.000' AS DateTime), 84.1775)
INSERT [dbo].[People] ([PeopleID], [PeopleFirstName], [PeopleLastName], [PeopleDateOfBirth], [AmountOfMoney]) VALUES (N'P0087', N'Rose', N'Roosevelt', CAST(N'1988-04-08T00:00:00.000' AS DateTime), 44.4156)
INSERT [dbo].[People] ([PeopleID], [PeopleFirstName], [PeopleLastName], [PeopleDateOfBirth], [AmountOfMoney]) VALUES (N'P0088', N'Micheline', N'Bauer', CAST(N'1989-04-09T00:00:00.000' AS DateTime), 43.5447)
INSERT [dbo].[People] ([PeopleID], [PeopleFirstName], [PeopleLastName], [PeopleDateOfBirth], [AmountOfMoney]) VALUES (N'P0089', N'Madeline', N'Affi', CAST(N'1971-04-10T00:00:00.000' AS DateTime), 79.5218)
INSERT [dbo].[People] ([PeopleID], [PeopleFirstName], [PeopleLastName], [PeopleDateOfBirth], [AmountOfMoney]) VALUES (N'P0090', N'Magaret', N'Blessing', CAST(N'1970-04-11T00:00:00.000' AS DateTime), 94.5908)
INSERT [dbo].[People] ([PeopleID], [PeopleFirstName], [PeopleLastName], [PeopleDateOfBirth], [AmountOfMoney]) VALUES (N'P0091', N'Mayi', N'Melbourne', CAST(N'1982-04-12T00:00:00.000' AS DateTime), 12.7701)
INSERT [dbo].[People] ([PeopleID], [PeopleFirstName], [PeopleLastName], [PeopleDateOfBirth], [AmountOfMoney]) VALUES (N'P0092', N'Mafe', N'Hassan', CAST(N'1969-04-13T00:00:00.000' AS DateTime), 89.7188)
INSERT [dbo].[People] ([PeopleID], [PeopleFirstName], [PeopleLastName], [PeopleDateOfBirth], [AmountOfMoney]) VALUES (N'P0093', N'Mireille', N'Renee', CAST(N'1992-04-14T00:00:00.000' AS DateTime), 60.4372)
INSERT [dbo].[People] ([PeopleID], [PeopleFirstName], [PeopleLastName], [PeopleDateOfBirth], [AmountOfMoney]) VALUES (N'P0094', N'Melonchon', N'Bohiki', CAST(N'1978-04-15T00:00:00.000' AS DateTime), 33.7925)
INSERT [dbo].[People] ([PeopleID], [PeopleFirstName], [PeopleLastName], [PeopleDateOfBirth], [AmountOfMoney]) VALUES (N'P0095', N'Mondesir', N'Allah', CAST(N'1973-04-16T00:00:00.000' AS DateTime), 45.9962)
INSERT [dbo].[People] ([PeopleID], [PeopleFirstName], [PeopleLastName], [PeopleDateOfBirth], [AmountOfMoney]) VALUES (N'P0096', N'Meite', N'Sindou', CAST(N'1988-04-17T00:00:00.000' AS DateTime), 69.2048)
INSERT [dbo].[People] ([PeopleID], [PeopleFirstName], [PeopleLastName], [PeopleDateOfBirth], [AmountOfMoney]) VALUES (N'P0097', N'Nina', N'Kouassi', CAST(N'1977-04-18T00:00:00.000' AS DateTime), 72.3919)
INSERT [dbo].[People] ([PeopleID], [PeopleFirstName], [PeopleLastName], [PeopleDateOfBirth], [AmountOfMoney]) VALUES (N'P0098', N'Nouba', N'Coul', CAST(N'1969-04-19T00:00:00.000' AS DateTime), 14.8018)
INSERT [dbo].[People] ([PeopleID], [PeopleFirstName], [PeopleLastName], [PeopleDateOfBirth], [AmountOfMoney]) VALUES (N'P0099', N'Larissa', N'Billy', CAST(N'1989-04-20T00:00:00.000' AS DateTime), 19.0569)
INSERT [dbo].[People] ([PeopleID], [PeopleFirstName], [PeopleLastName], [PeopleDateOfBirth], [AmountOfMoney]) VALUES (N'P0100', N'Kaline', N'Penney', CAST(N'1987-04-21T00:00:00.000' AS DateTime), 56.0455)
GO
INSERT [dbo].[People] ([PeopleID], [PeopleFirstName], [PeopleLastName], [PeopleDateOfBirth], [AmountOfMoney]) VALUES (N'P0101', N'Kathie', N'Paul', CAST(N'1978-04-22T00:00:00.000' AS DateTime), 747.3339)
INSERT [dbo].[People] ([PeopleID], [PeopleFirstName], [PeopleLastName], [PeopleDateOfBirth], [AmountOfMoney]) VALUES (N'P0102', N'Katerine', N'Loza', CAST(N'1970-04-23T00:00:00.000' AS DateTime), 91.4713)
INSERT [dbo].[People] ([PeopleID], [PeopleFirstName], [PeopleLastName], [PeopleDateOfBirth], [AmountOfMoney]) VALUES (N'P0103', N'Solange', N'Ajayi', CAST(N'1977-04-24T00:00:00.000' AS DateTime), 11.5974)
INSERT [dbo].[People] ([PeopleID], [PeopleFirstName], [PeopleLastName], [PeopleDateOfBirth], [AmountOfMoney]) VALUES (N'P0104', N'Janet', N'Oke', CAST(N'1989-04-25T00:00:00.000' AS DateTime), 16.6958)
INSERT [dbo].[People] ([PeopleID], [PeopleFirstName], [PeopleLastName], [PeopleDateOfBirth], [AmountOfMoney]) VALUES (N'P0105', N'Georgeline', N'Vicente', CAST(N'1987-04-26T00:00:00.000' AS DateTime), 49.3687)
INSERT [dbo].[People] ([PeopleID], [PeopleFirstName], [PeopleLastName], [PeopleDateOfBirth], [AmountOfMoney]) VALUES (N'P0106', N'George', N'Lizarazu', CAST(N'1986-04-27T00:00:00.000' AS DateTime), 83.6692)
INSERT [dbo].[People] ([PeopleID], [PeopleFirstName], [PeopleLastName], [PeopleDateOfBirth], [AmountOfMoney]) VALUES (N'P0107', N'Franchesca', N'Totti', CAST(N'1991-04-28T00:00:00.000' AS DateTime), 94.2528)
INSERT [dbo].[People] ([PeopleID], [PeopleFirstName], [PeopleLastName], [PeopleDateOfBirth], [AmountOfMoney]) VALUES (N'P0108', N'Fidel', N'Frorentino', CAST(N'1994-04-29T00:00:00.000' AS DateTime), 93.9608)
INSERT [dbo].[People] ([PeopleID], [PeopleFirstName], [PeopleLastName], [PeopleDateOfBirth], [AmountOfMoney]) VALUES (N'P0109', N'Ariel', N'Abel', CAST(N'1980-04-30T00:00:00.000' AS DateTime), 33.0500)
INSERT [dbo].[People] ([PeopleID], [PeopleFirstName], [PeopleLastName], [PeopleDateOfBirth], [AmountOfMoney]) VALUES (N'P0110', N'Sandra', N'Kohl', CAST(N'1960-05-01T00:00:00.000' AS DateTime), 44.5657)
INSERT [dbo].[People] ([PeopleID], [PeopleFirstName], [PeopleLastName], [PeopleDateOfBirth], [AmountOfMoney]) VALUES (N'P0111', N'Sandrine', N'Macy', CAST(N'1980-05-02T00:00:00.000' AS DateTime), 20.6647)
INSERT [dbo].[People] ([PeopleID], [PeopleFirstName], [PeopleLastName], [PeopleDateOfBirth], [AmountOfMoney]) VALUES (N'P0112', N'Sissi', N'Marlone', CAST(N'1992-05-03T00:00:00.000' AS DateTime), 73.1464)
INSERT [dbo].[People] ([PeopleID], [PeopleFirstName], [PeopleLastName], [PeopleDateOfBirth], [AmountOfMoney]) VALUES (N'P0113', N'Sosso', N'Bouba', CAST(N'1990-05-04T00:00:00.000' AS DateTime), 34.2508)
INSERT [dbo].[People] ([PeopleID], [PeopleFirstName], [PeopleLastName], [PeopleDateOfBirth], [AmountOfMoney]) VALUES (N'P0114', N'Mamadou', N'Cisse', CAST(N'1977-05-05T00:00:00.000' AS DateTime), 59.8005)
INSERT [dbo].[People] ([PeopleID], [PeopleFirstName], [PeopleLastName], [PeopleDateOfBirth], [AmountOfMoney]) VALUES (N'P0115', N'Jafar', N'Hassan', CAST(N'1978-05-06T00:00:00.000' AS DateTime), 95.9761)
INSERT [dbo].[People] ([PeopleID], [PeopleFirstName], [PeopleLastName], [PeopleDateOfBirth], [AmountOfMoney]) VALUES (N'P0116', N'Guedi', N'Kissia', CAST(N'1989-05-07T00:00:00.000' AS DateTime), 73.7894)
INSERT [dbo].[People] ([PeopleID], [PeopleFirstName], [PeopleLastName], [PeopleDateOfBirth], [AmountOfMoney]) VALUES (N'P0117', N'Gethan', N'Martins', CAST(N'1970-05-08T00:00:00.000' AS DateTime), 70.0255)
INSERT [dbo].[People] ([PeopleID], [PeopleFirstName], [PeopleLastName], [PeopleDateOfBirth], [AmountOfMoney]) VALUES (N'P0118', N'Gabriella', N'Cesar', CAST(N'1992-05-09T00:00:00.000' AS DateTime), 96.1438)
INSERT [dbo].[People] ([PeopleID], [PeopleFirstName], [PeopleLastName], [PeopleDateOfBirth], [AmountOfMoney]) VALUES (N'P0119', N'Florence', N'Baloteli', CAST(N'1993-05-10T00:00:00.000' AS DateTime), 76.6273)
INSERT [dbo].[People] ([PeopleID], [PeopleFirstName], [PeopleLastName], [PeopleDateOfBirth], [AmountOfMoney]) VALUES (N'P0120', N'Adeline', N'Krost', CAST(N'1991-05-11T00:00:00.000' AS DateTime), 79.5983)
GO
INSERT [dbo].[PeopleJobs] ([PeopleID], [JobID], [Wage]) VALUES (N'P0001', N'J0004', 3.0000)
INSERT [dbo].[PeopleJobs] ([PeopleID], [JobID], [Wage]) VALUES (N'P0002', N'J0002', 8.0000)
INSERT [dbo].[PeopleJobs] ([PeopleID], [JobID], [Wage]) VALUES (N'P0003', N'J0007', 8.0000)
INSERT [dbo].[PeopleJobs] ([PeopleID], [JobID], [Wage]) VALUES (N'P0004', N'J0010', 8.0000)
INSERT [dbo].[PeopleJobs] ([PeopleID], [JobID], [Wage]) VALUES (N'P0005', N'J0001', 5.0000)
INSERT [dbo].[PeopleJobs] ([PeopleID], [JobID], [Wage]) VALUES (N'P0006', N'J0008', 2.0000)
INSERT [dbo].[PeopleJobs] ([PeopleID], [JobID], [Wage]) VALUES (N'P0007', N'J0003', 4.0000)
INSERT [dbo].[PeopleJobs] ([PeopleID], [JobID], [Wage]) VALUES (N'P0008', N'J0006', 3.0000)
INSERT [dbo].[PeopleJobs] ([PeopleID], [JobID], [Wage]) VALUES (N'P0009', N'J0005', 10.0000)
INSERT [dbo].[PeopleJobs] ([PeopleID], [JobID], [Wage]) VALUES (N'P0010', N'J0009', 10.0000)
INSERT [dbo].[PeopleJobs] ([PeopleID], [JobID], [Wage]) VALUES (N'P0011', N'J0012', 3.0000)
INSERT [dbo].[PeopleJobs] ([PeopleID], [JobID], [Wage]) VALUES (N'P0012', N'J0011', 10.0000)
INSERT [dbo].[PeopleJobs] ([PeopleID], [JobID], [Wage]) VALUES (N'P0013', N'J0004', 3.0000)
INSERT [dbo].[PeopleJobs] ([PeopleID], [JobID], [Wage]) VALUES (N'P0014', N'J0002', 8.0000)
INSERT [dbo].[PeopleJobs] ([PeopleID], [JobID], [Wage]) VALUES (N'P0015', N'J0007', 8.0000)
INSERT [dbo].[PeopleJobs] ([PeopleID], [JobID], [Wage]) VALUES (N'P0016', N'J0010', 8.0000)
INSERT [dbo].[PeopleJobs] ([PeopleID], [JobID], [Wage]) VALUES (N'P0017', N'J0001', 5.0000)
INSERT [dbo].[PeopleJobs] ([PeopleID], [JobID], [Wage]) VALUES (N'P0018', N'J0008', 2.0000)
INSERT [dbo].[PeopleJobs] ([PeopleID], [JobID], [Wage]) VALUES (N'P0019', N'J0003', 4.0000)
INSERT [dbo].[PeopleJobs] ([PeopleID], [JobID], [Wage]) VALUES (N'P0020', N'J0006', 3.0000)
INSERT [dbo].[PeopleJobs] ([PeopleID], [JobID], [Wage]) VALUES (N'P0021', N'J0005', 10.0000)
INSERT [dbo].[PeopleJobs] ([PeopleID], [JobID], [Wage]) VALUES (N'P0022', N'J0009', 10.0000)
INSERT [dbo].[PeopleJobs] ([PeopleID], [JobID], [Wage]) VALUES (N'P0023', N'J0012', 3.0000)
INSERT [dbo].[PeopleJobs] ([PeopleID], [JobID], [Wage]) VALUES (N'P0024', N'J0011', 10.0000)
INSERT [dbo].[PeopleJobs] ([PeopleID], [JobID], [Wage]) VALUES (N'P0025', N'J0004', 3.0000)
INSERT [dbo].[PeopleJobs] ([PeopleID], [JobID], [Wage]) VALUES (N'P0026', N'J0002', 8.0000)
INSERT [dbo].[PeopleJobs] ([PeopleID], [JobID], [Wage]) VALUES (N'P0027', N'J0007', 8.0000)
INSERT [dbo].[PeopleJobs] ([PeopleID], [JobID], [Wage]) VALUES (N'P0028', N'J0010', 8.0000)
INSERT [dbo].[PeopleJobs] ([PeopleID], [JobID], [Wage]) VALUES (N'P0029', N'J0001', 5.0000)
INSERT [dbo].[PeopleJobs] ([PeopleID], [JobID], [Wage]) VALUES (N'P0030', N'J0008', 2.0000)
INSERT [dbo].[PeopleJobs] ([PeopleID], [JobID], [Wage]) VALUES (N'P0031', N'J0003', 4.0000)
INSERT [dbo].[PeopleJobs] ([PeopleID], [JobID], [Wage]) VALUES (N'P0032', N'J0006', 3.0000)
INSERT [dbo].[PeopleJobs] ([PeopleID], [JobID], [Wage]) VALUES (N'P0033', N'J0005', 10.0000)
INSERT [dbo].[PeopleJobs] ([PeopleID], [JobID], [Wage]) VALUES (N'P0034', N'J0009', 10.0000)
INSERT [dbo].[PeopleJobs] ([PeopleID], [JobID], [Wage]) VALUES (N'P0035', N'J0012', 3.0000)
INSERT [dbo].[PeopleJobs] ([PeopleID], [JobID], [Wage]) VALUES (N'P0036', N'J0011', 10.0000)
INSERT [dbo].[PeopleJobs] ([PeopleID], [JobID], [Wage]) VALUES (N'P0037', N'J0004', 3.0000)
INSERT [dbo].[PeopleJobs] ([PeopleID], [JobID], [Wage]) VALUES (N'P0038', N'J0002', 8.0000)
INSERT [dbo].[PeopleJobs] ([PeopleID], [JobID], [Wage]) VALUES (N'P0039', N'J0007', 8.0000)
INSERT [dbo].[PeopleJobs] ([PeopleID], [JobID], [Wage]) VALUES (N'P0040', N'J0010', 8.0000)
INSERT [dbo].[PeopleJobs] ([PeopleID], [JobID], [Wage]) VALUES (N'P0041', N'J0006', 3.0000)
INSERT [dbo].[PeopleJobs] ([PeopleID], [JobID], [Wage]) VALUES (N'P0042', N'J0005', 10.0000)
INSERT [dbo].[PeopleJobs] ([PeopleID], [JobID], [Wage]) VALUES (N'P0043', N'J0009', 10.0000)
INSERT [dbo].[PeopleJobs] ([PeopleID], [JobID], [Wage]) VALUES (N'P0044', N'J0010', 8.0000)
INSERT [dbo].[PeopleJobs] ([PeopleID], [JobID], [Wage]) VALUES (N'P0045', N'J0001', 5.0000)
INSERT [dbo].[PeopleJobs] ([PeopleID], [JobID], [Wage]) VALUES (N'P0046', N'J0008', 2.0000)
INSERT [dbo].[PeopleJobs] ([PeopleID], [JobID], [Wage]) VALUES (N'P0047', N'J0003', 4.0000)
INSERT [dbo].[PeopleJobs] ([PeopleID], [JobID], [Wage]) VALUES (N'P0048', N'J0004', 3.0000)
INSERT [dbo].[PeopleJobs] ([PeopleID], [JobID], [Wage]) VALUES (N'P0049', N'J0002', 8.0000)
INSERT [dbo].[PeopleJobs] ([PeopleID], [JobID], [Wage]) VALUES (N'P0050', N'J0007', 8.0000)
INSERT [dbo].[PeopleJobs] ([PeopleID], [JobID], [Wage]) VALUES (N'P0051', N'J0010', 8.0000)
INSERT [dbo].[PeopleJobs] ([PeopleID], [JobID], [Wage]) VALUES (N'P0052', N'J0001', 5.0000)
INSERT [dbo].[PeopleJobs] ([PeopleID], [JobID], [Wage]) VALUES (N'P0053', N'J0008', 2.0000)
INSERT [dbo].[PeopleJobs] ([PeopleID], [JobID], [Wage]) VALUES (N'P0054', N'J0003', 4.0000)
INSERT [dbo].[PeopleJobs] ([PeopleID], [JobID], [Wage]) VALUES (N'P0055', N'J0006', 3.0000)
INSERT [dbo].[PeopleJobs] ([PeopleID], [JobID], [Wage]) VALUES (N'P0056', N'J0005', 10.0000)
INSERT [dbo].[PeopleJobs] ([PeopleID], [JobID], [Wage]) VALUES (N'P0057', N'J0009', 10.0000)
INSERT [dbo].[PeopleJobs] ([PeopleID], [JobID], [Wage]) VALUES (N'P0058', N'J0003', 4.0000)
INSERT [dbo].[PeopleJobs] ([PeopleID], [JobID], [Wage]) VALUES (N'P0059', N'J0006', 3.0000)
INSERT [dbo].[PeopleJobs] ([PeopleID], [JobID], [Wage]) VALUES (N'P0060', N'J0005', 10.0000)
INSERT [dbo].[PeopleJobs] ([PeopleID], [JobID], [Wage]) VALUES (N'P0061', N'J0009', 10.0000)
INSERT [dbo].[PeopleJobs] ([PeopleID], [JobID], [Wage]) VALUES (N'P0062', N'J0012', 3.0000)
INSERT [dbo].[PeopleJobs] ([PeopleID], [JobID], [Wage]) VALUES (N'P0063', N'J0011', 10.0000)
INSERT [dbo].[PeopleJobs] ([PeopleID], [JobID], [Wage]) VALUES (N'P0064', N'J0010', 8.0000)
INSERT [dbo].[PeopleJobs] ([PeopleID], [JobID], [Wage]) VALUES (N'P0065', N'J0001', 5.0000)
INSERT [dbo].[PeopleJobs] ([PeopleID], [JobID], [Wage]) VALUES (N'P0066', N'J0008', 2.0000)
INSERT [dbo].[PeopleJobs] ([PeopleID], [JobID], [Wage]) VALUES (N'P0067', N'J0003', 4.0000)
INSERT [dbo].[PeopleJobs] ([PeopleID], [JobID], [Wage]) VALUES (N'P0068', N'J0006', 3.0000)
INSERT [dbo].[PeopleJobs] ([PeopleID], [JobID], [Wage]) VALUES (N'P0069', N'J0005', 10.0000)
INSERT [dbo].[PeopleJobs] ([PeopleID], [JobID], [Wage]) VALUES (N'P0070', N'J0009', 10.0000)
INSERT [dbo].[PeopleJobs] ([PeopleID], [JobID], [Wage]) VALUES (N'P0071', N'J0003', 4.0000)
INSERT [dbo].[PeopleJobs] ([PeopleID], [JobID], [Wage]) VALUES (N'P0072', N'J0005', 10.0000)
INSERT [dbo].[PeopleJobs] ([PeopleID], [JobID], [Wage]) VALUES (N'P0073', N'J0009', 10.0000)
INSERT [dbo].[PeopleJobs] ([PeopleID], [JobID], [Wage]) VALUES (N'P0074', N'J0012', 3.0000)
INSERT [dbo].[PeopleJobs] ([PeopleID], [JobID], [Wage]) VALUES (N'P0075', N'J0011', 10.0000)
INSERT [dbo].[PeopleJobs] ([PeopleID], [JobID], [Wage]) VALUES (N'P0076', N'J0010', 8.0000)
INSERT [dbo].[PeopleJobs] ([PeopleID], [JobID], [Wage]) VALUES (N'P0077', N'J0001', 5.0000)
INSERT [dbo].[PeopleJobs] ([PeopleID], [JobID], [Wage]) VALUES (N'P0078', N'J0008', 2.0000)
INSERT [dbo].[PeopleJobs] ([PeopleID], [JobID], [Wage]) VALUES (N'P0079', N'J0003', 4.0000)
INSERT [dbo].[PeopleJobs] ([PeopleID], [JobID], [Wage]) VALUES (N'P0080', N'J0004', 3.0000)
INSERT [dbo].[PeopleJobs] ([PeopleID], [JobID], [Wage]) VALUES (N'P0081', N'J0002', 8.0000)
INSERT [dbo].[PeopleJobs] ([PeopleID], [JobID], [Wage]) VALUES (N'P0082', N'J0009', 10.0000)
INSERT [dbo].[PeopleJobs] ([PeopleID], [JobID], [Wage]) VALUES (N'P0083', N'J0012', 3.0000)
INSERT [dbo].[PeopleJobs] ([PeopleID], [JobID], [Wage]) VALUES (N'P0084', N'J0011', 10.0000)
INSERT [dbo].[PeopleJobs] ([PeopleID], [JobID], [Wage]) VALUES (N'P0085', N'J0010', 8.0000)
INSERT [dbo].[PeopleJobs] ([PeopleID], [JobID], [Wage]) VALUES (N'P0086', N'J0001', 5.0000)
INSERT [dbo].[PeopleJobs] ([PeopleID], [JobID], [Wage]) VALUES (N'P0087', N'J0008', 2.0000)
INSERT [dbo].[PeopleJobs] ([PeopleID], [JobID], [Wage]) VALUES (N'P0088', N'J0001', 5.0000)
INSERT [dbo].[PeopleJobs] ([PeopleID], [JobID], [Wage]) VALUES (N'P0089', N'J0008', 2.0000)
INSERT [dbo].[PeopleJobs] ([PeopleID], [JobID], [Wage]) VALUES (N'P0090', N'J0005', 10.0000)
INSERT [dbo].[PeopleJobs] ([PeopleID], [JobID], [Wage]) VALUES (N'P0091', N'J0009', 10.0000)
INSERT [dbo].[PeopleJobs] ([PeopleID], [JobID], [Wage]) VALUES (N'P0092', N'J0003', 4.0000)
INSERT [dbo].[PeopleJobs] ([PeopleID], [JobID], [Wage]) VALUES (N'P0093', N'J0005', 10.0000)
INSERT [dbo].[PeopleJobs] ([PeopleID], [JobID], [Wage]) VALUES (N'P0094', N'J0009', 10.0000)
INSERT [dbo].[PeopleJobs] ([PeopleID], [JobID], [Wage]) VALUES (N'P0095', N'J0012', 3.0000)
INSERT [dbo].[PeopleJobs] ([PeopleID], [JobID], [Wage]) VALUES (N'P0096', N'J0011', 10.0000)
INSERT [dbo].[PeopleJobs] ([PeopleID], [JobID], [Wage]) VALUES (N'P0097', N'J0010', 8.0000)
INSERT [dbo].[PeopleJobs] ([PeopleID], [JobID], [Wage]) VALUES (N'P0098', N'J0001', 5.0000)
INSERT [dbo].[PeopleJobs] ([PeopleID], [JobID], [Wage]) VALUES (N'P0099', N'J0010', 8.0000)
INSERT [dbo].[PeopleJobs] ([PeopleID], [JobID], [Wage]) VALUES (N'P0100', N'J0001', 5.0000)
GO
INSERT [dbo].[PeopleJobs] ([PeopleID], [JobID], [Wage]) VALUES (N'P0101', N'J0008', 2.0000)
INSERT [dbo].[PeopleJobs] ([PeopleID], [JobID], [Wage]) VALUES (N'P0102', N'J0001', 5.0000)
INSERT [dbo].[PeopleJobs] ([PeopleID], [JobID], [Wage]) VALUES (N'P0103', N'J0008', 2.0000)
INSERT [dbo].[PeopleJobs] ([PeopleID], [JobID], [Wage]) VALUES (N'P0104', N'J0005', 10.0000)
INSERT [dbo].[PeopleJobs] ([PeopleID], [JobID], [Wage]) VALUES (N'P0105', N'J0009', 10.0000)
INSERT [dbo].[PeopleJobs] ([PeopleID], [JobID], [Wage]) VALUES (N'P0106', N'J0011', 10.0000)
INSERT [dbo].[PeopleJobs] ([PeopleID], [JobID], [Wage]) VALUES (N'P0107', N'J0010', 8.0000)
INSERT [dbo].[PeopleJobs] ([PeopleID], [JobID], [Wage]) VALUES (N'P0108', N'J0001', 5.0000)
INSERT [dbo].[PeopleJobs] ([PeopleID], [JobID], [Wage]) VALUES (N'P0109', N'J0010', 8.0000)
INSERT [dbo].[PeopleJobs] ([PeopleID], [JobID], [Wage]) VALUES (N'P0110', N'J0010', 8.0000)
INSERT [dbo].[PeopleJobs] ([PeopleID], [JobID], [Wage]) VALUES (N'P0111', N'J0001', 5.0000)
INSERT [dbo].[PeopleJobs] ([PeopleID], [JobID], [Wage]) VALUES (N'P0112', N'J0008', 2.0000)
INSERT [dbo].[PeopleJobs] ([PeopleID], [JobID], [Wage]) VALUES (N'P0113', N'J0003', 4.0000)
INSERT [dbo].[PeopleJobs] ([PeopleID], [JobID], [Wage]) VALUES (N'P0114', N'J0006', 3.0000)
INSERT [dbo].[PeopleJobs] ([PeopleID], [JobID], [Wage]) VALUES (N'P0115', N'J0005', 10.0000)
INSERT [dbo].[PeopleJobs] ([PeopleID], [JobID], [Wage]) VALUES (N'P0116', N'J0009', 10.0000)
INSERT [dbo].[PeopleJobs] ([PeopleID], [JobID], [Wage]) VALUES (N'P0117', N'J0012', 3.0000)
INSERT [dbo].[PeopleJobs] ([PeopleID], [JobID], [Wage]) VALUES (N'P0118', N'J0011', 10.0000)
INSERT [dbo].[PeopleJobs] ([PeopleID], [JobID], [Wage]) VALUES (N'P0119', N'J0013', 8.0000)
INSERT [dbo].[PeopleJobs] ([PeopleID], [JobID], [Wage]) VALUES (N'P0120', N'J0014', 12.0000)
GO
GO
INSERT [dbo].[PeopleMissions] ([PeopleID], [MissionID]) VALUES (N'P0042', N'Q0001')
INSERT [dbo].[PeopleMissions] ([PeopleID], [MissionID]) VALUES (N'P0012', N'Q0001')
INSERT [dbo].[PeopleMissions] ([PeopleID], [MissionID]) VALUES (N'P0078', N'Q0001')
INSERT [dbo].[PeopleMissions] ([PeopleID], [MissionID]) VALUES (N'P0001', N'Q0001')
INSERT [dbo].[PeopleMissions] ([PeopleID], [MissionID]) VALUES (N'P0066', N'Q0001')
INSERT [dbo].[PeopleMissions] ([PeopleID], [MissionID]) VALUES (N'P0003', N'Q0002')
INSERT [dbo].[PeopleMissions] ([PeopleID], [MissionID]) VALUES (N'P0025', N'Q0002')
INSERT [dbo].[PeopleMissions] ([PeopleID], [MissionID]) VALUES (N'P0110', N'Q0002')
INSERT [dbo].[PeopleMissions] ([PeopleID], [MissionID]) VALUES (N'P0090', N'Q0002')
GO
INSERT [dbo].[PeopleSettlements] ([PeopleID], [SettlementID]) VALUES (N'P0001', N'S0001')
INSERT [dbo].[PeopleSettlements] ([PeopleID], [SettlementID]) VALUES (N'P0002', N'S0001')
INSERT [dbo].[PeopleSettlements] ([PeopleID], [SettlementID]) VALUES (N'P0003', N'S0001')
INSERT [dbo].[PeopleSettlements] ([PeopleID], [SettlementID]) VALUES (N'P0004', N'S0001')
INSERT [dbo].[PeopleSettlements] ([PeopleID], [SettlementID]) VALUES (N'P0005', N'S0001')
INSERT [dbo].[PeopleSettlements] ([PeopleID], [SettlementID]) VALUES (N'P0006', N'S0001')
INSERT [dbo].[PeopleSettlements] ([PeopleID], [SettlementID]) VALUES (N'P0007', N'S0001')
INSERT [dbo].[PeopleSettlements] ([PeopleID], [SettlementID]) VALUES (N'P0008', N'S0001')
INSERT [dbo].[PeopleSettlements] ([PeopleID], [SettlementID]) VALUES (N'P0009', N'S0001')
INSERT [dbo].[PeopleSettlements] ([PeopleID], [SettlementID]) VALUES (N'P0010', N'S0001')
INSERT [dbo].[PeopleSettlements] ([PeopleID], [SettlementID]) VALUES (N'P0011', N'S0002')
INSERT [dbo].[PeopleSettlements] ([PeopleID], [SettlementID]) VALUES (N'P0012', N'S0002')
INSERT [dbo].[PeopleSettlements] ([PeopleID], [SettlementID]) VALUES (N'P0013', N'S0002')
INSERT [dbo].[PeopleSettlements] ([PeopleID], [SettlementID]) VALUES (N'P0014', N'S0002')
INSERT [dbo].[PeopleSettlements] ([PeopleID], [SettlementID]) VALUES (N'P0015', N'S0002')
INSERT [dbo].[PeopleSettlements] ([PeopleID], [SettlementID]) VALUES (N'P0016', N'S0002')
INSERT [dbo].[PeopleSettlements] ([PeopleID], [SettlementID]) VALUES (N'P0017', N'S0002')
INSERT [dbo].[PeopleSettlements] ([PeopleID], [SettlementID]) VALUES (N'P0018', N'S0002')
INSERT [dbo].[PeopleSettlements] ([PeopleID], [SettlementID]) VALUES (N'P0019', N'S0002')
INSERT [dbo].[PeopleSettlements] ([PeopleID], [SettlementID]) VALUES (N'P0020', N'S0002')
INSERT [dbo].[PeopleSettlements] ([PeopleID], [SettlementID]) VALUES (N'P0021', N'S0002')
INSERT [dbo].[PeopleSettlements] ([PeopleID], [SettlementID]) VALUES (N'P0022', N'S0002')
INSERT [dbo].[PeopleSettlements] ([PeopleID], [SettlementID]) VALUES (N'P0023', N'S0002')
INSERT [dbo].[PeopleSettlements] ([PeopleID], [SettlementID]) VALUES (N'P0024', N'S0002')
INSERT [dbo].[PeopleSettlements] ([PeopleID], [SettlementID]) VALUES (N'P0025', N'S0002')
INSERT [dbo].[PeopleSettlements] ([PeopleID], [SettlementID]) VALUES (N'P0026', N'S0002')
INSERT [dbo].[PeopleSettlements] ([PeopleID], [SettlementID]) VALUES (N'P0027', N'S0002')
INSERT [dbo].[PeopleSettlements] ([PeopleID], [SettlementID]) VALUES (N'P0028', N'S0002')
INSERT [dbo].[PeopleSettlements] ([PeopleID], [SettlementID]) VALUES (N'P0029', N'S0002')
INSERT [dbo].[PeopleSettlements] ([PeopleID], [SettlementID]) VALUES (N'P0030', N'S0002')
INSERT [dbo].[PeopleSettlements] ([PeopleID], [SettlementID]) VALUES (N'P0031', N'S0002')
INSERT [dbo].[PeopleSettlements] ([PeopleID], [SettlementID]) VALUES (N'P0032', N'S0003')
INSERT [dbo].[PeopleSettlements] ([PeopleID], [SettlementID]) VALUES (N'P0033', N'S0003')
INSERT [dbo].[PeopleSettlements] ([PeopleID], [SettlementID]) VALUES (N'P0034', N'S0003')
INSERT [dbo].[PeopleSettlements] ([PeopleID], [SettlementID]) VALUES (N'P0035', N'S0003')
INSERT [dbo].[PeopleSettlements] ([PeopleID], [SettlementID]) VALUES (N'P0036', N'S0003')
INSERT [dbo].[PeopleSettlements] ([PeopleID], [SettlementID]) VALUES (N'P0037', N'S0003')
INSERT [dbo].[PeopleSettlements] ([PeopleID], [SettlementID]) VALUES (N'P0038', N'S0003')
INSERT [dbo].[PeopleSettlements] ([PeopleID], [SettlementID]) VALUES (N'P0039', N'S0004')
INSERT [dbo].[PeopleSettlements] ([PeopleID], [SettlementID]) VALUES (N'P0040', N'S0004')
INSERT [dbo].[PeopleSettlements] ([PeopleID], [SettlementID]) VALUES (N'P0041', N'S0004')
INSERT [dbo].[PeopleSettlements] ([PeopleID], [SettlementID]) VALUES (N'P0042', N'S0004')
INSERT [dbo].[PeopleSettlements] ([PeopleID], [SettlementID]) VALUES (N'P0043', N'S0004')
INSERT [dbo].[PeopleSettlements] ([PeopleID], [SettlementID]) VALUES (N'P0044', N'S0005')
INSERT [dbo].[PeopleSettlements] ([PeopleID], [SettlementID]) VALUES (N'P0045', N'S0005')
INSERT [dbo].[PeopleSettlements] ([PeopleID], [SettlementID]) VALUES (N'P0046', N'S0005')
INSERT [dbo].[PeopleSettlements] ([PeopleID], [SettlementID]) VALUES (N'P0047', N'S0005')
INSERT [dbo].[PeopleSettlements] ([PeopleID], [SettlementID]) VALUES (N'P0048', N'S0005')
INSERT [dbo].[PeopleSettlements] ([PeopleID], [SettlementID]) VALUES (N'P0049', N'S0005')
INSERT [dbo].[PeopleSettlements] ([PeopleID], [SettlementID]) VALUES (N'P0050', N'S0005')
INSERT [dbo].[PeopleSettlements] ([PeopleID], [SettlementID]) VALUES (N'P0051', N'S0006')
INSERT [dbo].[PeopleSettlements] ([PeopleID], [SettlementID]) VALUES (N'P0052', N'S0006')
INSERT [dbo].[PeopleSettlements] ([PeopleID], [SettlementID]) VALUES (N'P0053', N'S0006')
INSERT [dbo].[PeopleSettlements] ([PeopleID], [SettlementID]) VALUES (N'P0054', N'S0006')
INSERT [dbo].[PeopleSettlements] ([PeopleID], [SettlementID]) VALUES (N'P0055', N'S0006')
INSERT [dbo].[PeopleSettlements] ([PeopleID], [SettlementID]) VALUES (N'P0056', N'S0006')
INSERT [dbo].[PeopleSettlements] ([PeopleID], [SettlementID]) VALUES (N'P0057', N'S0006')
INSERT [dbo].[PeopleSettlements] ([PeopleID], [SettlementID]) VALUES (N'P0058', N'S0006')
INSERT [dbo].[PeopleSettlements] ([PeopleID], [SettlementID]) VALUES (N'P0059', N'S0006')
INSERT [dbo].[PeopleSettlements] ([PeopleID], [SettlementID]) VALUES (N'P0060', N'S0006')
INSERT [dbo].[PeopleSettlements] ([PeopleID], [SettlementID]) VALUES (N'P0061', N'S0006')
INSERT [dbo].[PeopleSettlements] ([PeopleID], [SettlementID]) VALUES (N'P0062', N'S0007')
INSERT [dbo].[PeopleSettlements] ([PeopleID], [SettlementID]) VALUES (N'P0063', N'S0007')
INSERT [dbo].[PeopleSettlements] ([PeopleID], [SettlementID]) VALUES (N'P0064', N'S0007')
INSERT [dbo].[PeopleSettlements] ([PeopleID], [SettlementID]) VALUES (N'P0065', N'S0007')
INSERT [dbo].[PeopleSettlements] ([PeopleID], [SettlementID]) VALUES (N'P0066', N'S0007')
INSERT [dbo].[PeopleSettlements] ([PeopleID], [SettlementID]) VALUES (N'P0067', N'S0007')
INSERT [dbo].[PeopleSettlements] ([PeopleID], [SettlementID]) VALUES (N'P0068', N'S0007')
INSERT [dbo].[PeopleSettlements] ([PeopleID], [SettlementID]) VALUES (N'P0069', N'S0007')
INSERT [dbo].[PeopleSettlements] ([PeopleID], [SettlementID]) VALUES (N'P0070', N'S0007')
INSERT [dbo].[PeopleSettlements] ([PeopleID], [SettlementID]) VALUES (N'P0071', N'S0007')
INSERT [dbo].[PeopleSettlements] ([PeopleID], [SettlementID]) VALUES (N'P0072', N'S0007')
INSERT [dbo].[PeopleSettlements] ([PeopleID], [SettlementID]) VALUES (N'P0073', N'S0008')
INSERT [dbo].[PeopleSettlements] ([PeopleID], [SettlementID]) VALUES (N'P0074', N'S0008')
INSERT [dbo].[PeopleSettlements] ([PeopleID], [SettlementID]) VALUES (N'P0075', N'S0008')
INSERT [dbo].[PeopleSettlements] ([PeopleID], [SettlementID]) VALUES (N'P0076', N'S0008')
INSERT [dbo].[PeopleSettlements] ([PeopleID], [SettlementID]) VALUES (N'P0077', N'S0008')
INSERT [dbo].[PeopleSettlements] ([PeopleID], [SettlementID]) VALUES (N'P0078', N'S0008')
INSERT [dbo].[PeopleSettlements] ([PeopleID], [SettlementID]) VALUES (N'P0079', N'S0008')
INSERT [dbo].[PeopleSettlements] ([PeopleID], [SettlementID]) VALUES (N'P0080', N'S0008')
INSERT [dbo].[PeopleSettlements] ([PeopleID], [SettlementID]) VALUES (N'P0081', N'S0008')
INSERT [dbo].[PeopleSettlements] ([PeopleID], [SettlementID]) VALUES (N'P0082', N'S0008')
INSERT [dbo].[PeopleSettlements] ([PeopleID], [SettlementID]) VALUES (N'P0083', N'S0008')
INSERT [dbo].[PeopleSettlements] ([PeopleID], [SettlementID]) VALUES (N'P0084', N'S0008')
INSERT [dbo].[PeopleSettlements] ([PeopleID], [SettlementID]) VALUES (N'P0085', N'S0008')
INSERT [dbo].[PeopleSettlements] ([PeopleID], [SettlementID]) VALUES (N'P0086', N'S0008')
INSERT [dbo].[PeopleSettlements] ([PeopleID], [SettlementID]) VALUES (N'P0087', N'S0008')
INSERT [dbo].[PeopleSettlements] ([PeopleID], [SettlementID]) VALUES (N'P0088', N'S0008')
INSERT [dbo].[PeopleSettlements] ([PeopleID], [SettlementID]) VALUES (N'P0089', N'S0009')
INSERT [dbo].[PeopleSettlements] ([PeopleID], [SettlementID]) VALUES (N'P0090', N'S0009')
INSERT [dbo].[PeopleSettlements] ([PeopleID], [SettlementID]) VALUES (N'P0091', N'S0009')
INSERT [dbo].[PeopleSettlements] ([PeopleID], [SettlementID]) VALUES (N'P0092', N'S0009')
INSERT [dbo].[PeopleSettlements] ([PeopleID], [SettlementID]) VALUES (N'P0093', N'S0009')
INSERT [dbo].[PeopleSettlements] ([PeopleID], [SettlementID]) VALUES (N'P0094', N'S0009')
INSERT [dbo].[PeopleSettlements] ([PeopleID], [SettlementID]) VALUES (N'P0095', N'S0009')
INSERT [dbo].[PeopleSettlements] ([PeopleID], [SettlementID]) VALUES (N'P0096', N'S0009')
INSERT [dbo].[PeopleSettlements] ([PeopleID], [SettlementID]) VALUES (N'P0097', N'S0009')
INSERT [dbo].[PeopleSettlements] ([PeopleID], [SettlementID]) VALUES (N'P0098', N'S0009')
INSERT [dbo].[PeopleSettlements] ([PeopleID], [SettlementID]) VALUES (N'P0099', N'S0009')
INSERT [dbo].[PeopleSettlements] ([PeopleID], [SettlementID]) VALUES (N'P0100', N'S0009')
GO
INSERT [dbo].[PeopleSettlements] ([PeopleID], [SettlementID]) VALUES (N'P0101', N'S0009')
INSERT [dbo].[PeopleSettlements] ([PeopleID], [SettlementID]) VALUES (N'P0102', N'S0009')
INSERT [dbo].[PeopleSettlements] ([PeopleID], [SettlementID]) VALUES (N'P0103', N'S0009')
INSERT [dbo].[PeopleSettlements] ([PeopleID], [SettlementID]) VALUES (N'P0104', N'S0009')
INSERT [dbo].[PeopleSettlements] ([PeopleID], [SettlementID]) VALUES (N'P0105', N'S0009')
INSERT [dbo].[PeopleSettlements] ([PeopleID], [SettlementID]) VALUES (N'P0106', N'S0009')
INSERT [dbo].[PeopleSettlements] ([PeopleID], [SettlementID]) VALUES (N'P0107', N'S0009')
INSERT [dbo].[PeopleSettlements] ([PeopleID], [SettlementID]) VALUES (N'P0108', N'S0009')
INSERT [dbo].[PeopleSettlements] ([PeopleID], [SettlementID]) VALUES (N'P0109', N'S0009')
INSERT [dbo].[PeopleSettlements] ([PeopleID], [SettlementID]) VALUES (N'P0110', N'S0009')
INSERT [dbo].[PeopleSettlements] ([PeopleID], [SettlementID]) VALUES (N'P0111', N'S0009')
INSERT [dbo].[PeopleSettlements] ([PeopleID], [SettlementID]) VALUES (N'P0112', N'S0009')
INSERT [dbo].[PeopleSettlements] ([PeopleID], [SettlementID]) VALUES (N'P0113', N'S0009')
INSERT [dbo].[PeopleSettlements] ([PeopleID], [SettlementID]) VALUES (N'P0114', N'S0009')
INSERT [dbo].[PeopleSettlements] ([PeopleID], [SettlementID]) VALUES (N'P0115', N'S0009')
INSERT [dbo].[PeopleSettlements] ([PeopleID], [SettlementID]) VALUES (N'P0116', N'S0009')
INSERT [dbo].[PeopleSettlements] ([PeopleID], [SettlementID]) VALUES (N'P0117', N'S0009')
INSERT [dbo].[PeopleSettlements] ([PeopleID], [SettlementID]) VALUES (N'P0118', N'S0009')
INSERT [dbo].[PeopleSettlements] ([PeopleID], [SettlementID]) VALUES (N'P0119', N'S0009')
INSERT [dbo].[PeopleSettlements] ([PeopleID], [SettlementID]) VALUES (N'P0120', N'S0009')
GO
INSERT [dbo].[SettlementInventory] ([SettlementID], [InvID], [SetQuantity]) VALUES (N'S0002', N'I0001', 5)
INSERT [dbo].[SettlementInventory] ([SettlementID], [InvID], [SetQuantity]) VALUES (N'S0004', N'I0003', 500)
INSERT [dbo].[SettlementInventory] ([SettlementID], [InvID], [SetQuantity]) VALUES (N'S0005', N'I0004', 150)
INSERT [dbo].[SettlementInventory] ([SettlementID], [InvID], [SetQuantity]) VALUES (N'S0006', N'I0005', 25)
INSERT [dbo].[SettlementInventory] ([SettlementID], [InvID], [SetQuantity]) VALUES (N'S0007', N'I0006', 60)
INSERT [dbo].[SettlementInventory] ([SettlementID], [InvID], [SetQuantity]) VALUES (N'S0008', N'I0007', 15)
INSERT [dbo].[SettlementInventory] ([SettlementID], [InvID], [SetQuantity]) VALUES (N'S0010', N'I0009', 60)
INSERT [dbo].[SettlementInventory] ([SettlementID], [InvID], [SetQuantity]) VALUES (N'S0011', N'I0010', 5)
INSERT [dbo].[SettlementInventory] ([SettlementID], [InvID], [SetQuantity]) VALUES (N'S0012', N'I0011', 2)
INSERT [dbo].[SettlementInventory] ([SettlementID], [InvID], [SetQuantity]) VALUES (N'S0013', N'I0012', 2)
INSERT [dbo].[SettlementInventory] ([SettlementID], [InvID], [SetQuantity]) VALUES (N'S0014', N'I0013', 16)
INSERT [dbo].[SettlementInventory] ([SettlementID], [InvID], [SetQuantity]) VALUES (N'S0015', N'I0014', 1)
INSERT [dbo].[SettlementInventory] ([SettlementID], [InvID], [SetQuantity]) VALUES (N'S0016', N'I0015', 5)
INSERT [dbo].[SettlementInventory] ([SettlementID], [InvID], [SetQuantity]) VALUES (N'S0017', N'I0016', 7)
INSERT [dbo].[SettlementInventory] ([SettlementID], [InvID], [SetQuantity]) VALUES (N'S0018', N'I0017', 4)
INSERT [dbo].[SettlementInventory] ([SettlementID], [InvID], [SetQuantity]) VALUES (N'S0019', N'I0018', 4)
INSERT [dbo].[SettlementInventory] ([SettlementID], [InvID], [SetQuantity]) VALUES (N'S0009', N'I0001', 6)
INSERT [dbo].[SettlementInventory] ([SettlementID], [InvID], [SetQuantity]) VALUES (N'S0009', N'I0002', 300)
INSERT [dbo].[SettlementInventory] ([SettlementID], [InvID], [SetQuantity]) VALUES (N'S0009', N'I0003', 423)
INSERT [dbo].[SettlementInventory] ([SettlementID], [InvID], [SetQuantity]) VALUES (N'S0009', N'I0004', 200)
INSERT [dbo].[SettlementInventory] ([SettlementID], [InvID], [SetQuantity]) VALUES (N'S0009', N'I0005', 13)
INSERT [dbo].[SettlementInventory] ([SettlementID], [InvID], [SetQuantity]) VALUES (N'S0009', N'I0006', 40)
INSERT [dbo].[SettlementInventory] ([SettlementID], [InvID], [SetQuantity]) VALUES (N'S0009', N'I0007', 13)
INSERT [dbo].[SettlementInventory] ([SettlementID], [InvID], [SetQuantity]) VALUES (N'S0009', N'I0008', 61)
INSERT [dbo].[SettlementInventory] ([SettlementID], [InvID], [SetQuantity]) VALUES (N'S0009', N'I0009', 73)
INSERT [dbo].[SettlementInventory] ([SettlementID], [InvID], [SetQuantity]) VALUES (N'S0009', N'I0010', 10)
INSERT [dbo].[SettlementInventory] ([SettlementID], [InvID], [SetQuantity]) VALUES (N'S0009', N'I0011', 5)
INSERT [dbo].[SettlementInventory] ([SettlementID], [InvID], [SetQuantity]) VALUES (N'S0009', N'I0012', 10)
INSERT [dbo].[SettlementInventory] ([SettlementID], [InvID], [SetQuantity]) VALUES (N'S0009', N'I0013', 43)
INSERT [dbo].[SettlementInventory] ([SettlementID], [InvID], [SetQuantity]) VALUES (N'S0009', N'I0014', 3)
INSERT [dbo].[SettlementInventory] ([SettlementID], [InvID], [SetQuantity]) VALUES (N'S0009', N'I0015', 8)
INSERT [dbo].[SettlementInventory] ([SettlementID], [InvID], [SetQuantity]) VALUES (N'S0009', N'I0016', 15)
INSERT [dbo].[SettlementInventory] ([SettlementID], [InvID], [SetQuantity]) VALUES (N'S0009', N'I0017', 5)
INSERT [dbo].[SettlementInventory] ([SettlementID], [InvID], [SetQuantity]) VALUES (N'S0009', N'I0018', 6)
INSERT [dbo].[SettlementInventory] ([SettlementID], [InvID], [SetQuantity]) VALUES (N'S0001', N'I0001', 2)
INSERT [dbo].[SettlementInventory] ([SettlementID], [InvID], [SetQuantity]) VALUES (N'S0001', N'I0002', 142)
INSERT [dbo].[SettlementInventory] ([SettlementID], [InvID], [SetQuantity]) VALUES (N'S0001', N'I0003', 134)
INSERT [dbo].[SettlementInventory] ([SettlementID], [InvID], [SetQuantity]) VALUES (N'S0001', N'I0004', 56)
INSERT [dbo].[SettlementInventory] ([SettlementID], [InvID], [SetQuantity]) VALUES (N'S0001', N'I0005', 13)
INSERT [dbo].[SettlementInventory] ([SettlementID], [InvID], [SetQuantity]) VALUES (N'S0001', N'I0006', 16)
INSERT [dbo].[SettlementInventory] ([SettlementID], [InvID], [SetQuantity]) VALUES (N'S0001', N'I0007', 3)
INSERT [dbo].[SettlementInventory] ([SettlementID], [InvID], [SetQuantity]) VALUES (N'S0001', N'I0008', 13)
INSERT [dbo].[SettlementInventory] ([SettlementID], [InvID], [SetQuantity]) VALUES (N'S0001', N'I0009', 28)
INSERT [dbo].[SettlementInventory] ([SettlementID], [InvID], [SetQuantity]) VALUES (N'S0001', N'I0010', 3)
INSERT [dbo].[SettlementInventory] ([SettlementID], [InvID], [SetQuantity]) VALUES (N'S0001', N'I0011', 0)
INSERT [dbo].[SettlementInventory] ([SettlementID], [InvID], [SetQuantity]) VALUES (N'S0001', N'I0012', 1)
INSERT [dbo].[SettlementInventory] ([SettlementID], [InvID], [SetQuantity]) VALUES (N'S0001', N'I0013', 7)
INSERT [dbo].[SettlementInventory] ([SettlementID], [InvID], [SetQuantity]) VALUES (N'S0001', N'I0014', 1)
INSERT [dbo].[SettlementInventory] ([SettlementID], [InvID], [SetQuantity]) VALUES (N'S0001', N'I0015', 0)
INSERT [dbo].[SettlementInventory] ([SettlementID], [InvID], [SetQuantity]) VALUES (N'S0001', N'I0016', 5)
INSERT [dbo].[SettlementInventory] ([SettlementID], [InvID], [SetQuantity]) VALUES (N'S0001', N'I0017', 5)
INSERT [dbo].[SettlementInventory] ([SettlementID], [InvID], [SetQuantity]) VALUES (N'S0001', N'I0018', 5)
INSERT [dbo].[SettlementInventory] ([SettlementID], [InvID], [SetQuantity]) VALUES (N'S0003', N'I0001', 3)
INSERT [dbo].[SettlementInventory] ([SettlementID], [InvID], [SetQuantity]) VALUES (N'S0003', N'I0002', 138)
INSERT [dbo].[SettlementInventory] ([SettlementID], [InvID], [SetQuantity]) VALUES (N'S0003', N'I0003', 200)
INSERT [dbo].[SettlementInventory] ([SettlementID], [InvID], [SetQuantity]) VALUES (N'S0003', N'I0004', 16)
INSERT [dbo].[SettlementInventory] ([SettlementID], [InvID], [SetQuantity]) VALUES (N'S0003', N'I0005', 10)
INSERT [dbo].[SettlementInventory] ([SettlementID], [InvID], [SetQuantity]) VALUES (N'S0003', N'I0006', 26)
INSERT [dbo].[SettlementInventory] ([SettlementID], [InvID], [SetQuantity]) VALUES (N'S0003', N'I0007', 4)
INSERT [dbo].[SettlementInventory] ([SettlementID], [InvID], [SetQuantity]) VALUES (N'S0003', N'I0008', 18)
INSERT [dbo].[SettlementInventory] ([SettlementID], [InvID], [SetQuantity]) VALUES (N'S0003', N'I0009', 30)
INSERT [dbo].[SettlementInventory] ([SettlementID], [InvID], [SetQuantity]) VALUES (N'S0003', N'I0010', 2)
INSERT [dbo].[SettlementInventory] ([SettlementID], [InvID], [SetQuantity]) VALUES (N'S0003', N'I0011', 1)
INSERT [dbo].[SettlementInventory] ([SettlementID], [InvID], [SetQuantity]) VALUES (N'S0003', N'I0012', 1)
INSERT [dbo].[SettlementInventory] ([SettlementID], [InvID], [SetQuantity]) VALUES (N'S0003', N'I0013', 6)
INSERT [dbo].[SettlementInventory] ([SettlementID], [InvID], [SetQuantity]) VALUES (N'S0003', N'I0014', 1)
INSERT [dbo].[SettlementInventory] ([SettlementID], [InvID], [SetQuantity]) VALUES (N'S0003', N'I0015', 2)
INSERT [dbo].[SettlementInventory] ([SettlementID], [InvID], [SetQuantity]) VALUES (N'S0003', N'I0016', 4)
INSERT [dbo].[SettlementInventory] ([SettlementID], [InvID], [SetQuantity]) VALUES (N'S0003', N'I0017', 4)
INSERT [dbo].[SettlementInventory] ([SettlementID], [InvID], [SetQuantity]) VALUES (N'S0003', N'I0018', 5)
GO
INSERT [dbo].[Settlements] ([SettlementID], [SettlementLocation], [SettlementSecurityLevel], [TypeOfHousing]) VALUES (N'S0001', N'SCSU Settlement', 2, N'Dorms')
INSERT [dbo].[Settlements] ([SettlementID], [SettlementLocation], [SettlementSecurityLevel], [TypeOfHousing]) VALUES (N'S0002', N'Saint Cloud Jail', 3, N'Prison')
INSERT [dbo].[Settlements] ([SettlementID], [SettlementLocation], [SettlementSecurityLevel], [TypeOfHousing]) VALUES (N'S0003', N'North Saint Cloud', 2, N'Houses')
INSERT [dbo].[Settlements] ([SettlementID], [SettlementLocation], [SettlementSecurityLevel], [TypeOfHousing]) VALUES (N'S0004', N'River Settlement', 1, N'Tents')
INSERT [dbo].[Settlements] ([SettlementID], [SettlementLocation], [SettlementSecurityLevel], [TypeOfHousing]) VALUES (N'S0005', N'Saint Joseph Settlement', 2, N'Dorms')
INSERT [dbo].[Settlements] ([SettlementID], [SettlementLocation], [SettlementSecurityLevel], [TypeOfHousing]) VALUES (N'S0006', N'I94 Settlement', 2, N'Tents')
INSERT [dbo].[Settlements] ([SettlementID], [SettlementLocation], [SettlementSecurityLevel], [TypeOfHousing]) VALUES (N'S0007', N'HW15 Settlement', 2, N'Tents')
INSERT [dbo].[Settlements] ([SettlementID], [SettlementLocation], [SettlementSecurityLevel], [TypeOfHousing]) VALUES (N'S0008', N'SCTCC Settlement', 2, N'Houses')
INSERT [dbo].[Settlements] ([SettlementID], [SettlementLocation], [SettlementSecurityLevel], [TypeOfHousing]) VALUES (N'S0009', N'Crossroads Settlement', 3, N'Mall')
GO
INSERT [dbo].[Weapons] ([WeaponID], [WeaponDescription], [WeaponPrice], [WeaponStored], [WeaponQuantity]) VALUES (N'W0001', N'Small machine gun', 15.0000, N'Armory Tent', 60)
INSERT [dbo].[Weapons] ([WeaponID], [WeaponDescription], [WeaponPrice], [WeaponStored], [WeaponQuantity]) VALUES (N'W0002', N'Assault Rifle', 20.0000, N'Armory Tent', 45)
INSERT [dbo].[Weapons] ([WeaponID], [WeaponDescription], [WeaponPrice], [WeaponStored], [WeaponQuantity]) VALUES (N'W0003', N'Bolt Action Rifle', 12.0000, N'Armory Tent', 25)
INSERT [dbo].[Weapons] ([WeaponID], [WeaponDescription], [WeaponPrice], [WeaponStored], [WeaponQuantity]) VALUES (N'W0004', N'Pistol', 5.0000, N'Armory Tent', 80)
INSERT [dbo].[Weapons] ([WeaponID], [WeaponDescription], [WeaponPrice], [WeaponStored], [WeaponQuantity]) VALUES (N'W0005', N'Grenade', 25.0000, N'Armory Tent', 100)
INSERT [dbo].[Weapons] ([WeaponID], [WeaponDescription], [WeaponPrice], [WeaponStored], [WeaponQuantity]) VALUES (N'W0006', N'Large machine gun', 25.0000, N'Armory Tent', 30)
INSERT [dbo].[Weapons] ([WeaponID], [WeaponDescription], [WeaponPrice], [WeaponStored], [WeaponQuantity]) VALUES (N'W0007', N'Machete', 5.0000, N'Armory Tent', 250)
INSERT [dbo].[Weapons] ([WeaponID], [WeaponDescription], [WeaponPrice], [WeaponStored], [WeaponQuantity]) VALUES (N'W0008', N'Shotgun', 15.0000, N'Armory Tent', 40)
INSERT [dbo].[Weapons] ([WeaponID], [WeaponDescription], [WeaponPrice], [WeaponStored], [WeaponQuantity]) VALUES (N'W0009', N'Spear', 5.0000, N'Armory Tent', 450)
GO
INSERT [dbo].[Vehicles] ([VehicleID], [VehicleDescription], [VehiclePrice], [VehicleStored], [VehicleQuantity]) VALUES (N'V0001', N'ATV', 30.0000, N'Garage', 25)
INSERT [dbo].[Vehicles] ([VehicleID], [VehicleDescription], [VehiclePrice], [VehicleStored], [VehicleQuantity]) VALUES (N'V0002', N'MotorCycle', 80.0000, N'Garage', 50)
INSERT [dbo].[Vehicles] ([VehicleID], [VehicleDescription], [VehiclePrice], [VehicleStored], [VehicleQuantity]) VALUES (N'V0003', N'Dirt Bike', 15.0000, N'Garage', 40)
INSERT [dbo].[Vehicles] ([VehicleID], [VehicleDescription], [VehiclePrice], [VehicleStored], [VehicleQuantity]) VALUES (N'V0004', N'Car', 100.0000, N'Garage', 70)
INSERT [dbo].[Vehicles] ([VehicleID], [VehicleDescription], [VehiclePrice], [VehicleStored], [VehicleQuantity]) VALUES (N'V0005', N'Truck', 120.0000, N'Garage', 80)
INSERT [dbo].[Vehicles] ([VehicleID], [VehicleDescription], [VehiclePrice], [VehicleStored], [VehicleQuantity]) VALUES (N'V0006', N'Helicopter', 200.0000, N'Garage', 9)
INSERT [dbo].[Vehicles] ([VehicleID], [VehicleDescription], [VehiclePrice], [VehicleStored], [VehicleQuantity]) VALUES (N'V0007', N'Horse w/ Buggy', 76.0000, N'Garage', 9)
INSERT [dbo].[Vehicles] ([VehicleID], [VehicleDescription], [VehiclePrice], [VehicleStored], [VehicleQuantity]) VALUES (N'V0008', N'Boat', 60.0000, N'Garage', 5)
INSERT [dbo].[Vehicles] ([VehicleID], [VehicleDescription], [VehiclePrice], [VehicleStored], [VehicleQuantity]) VALUES (N'V0009', N'Bike', 60.0000, N'Garage', 70)
GO
INSERT [dbo].[Transactions] ([TransID], [PeopleID], [TransDateStamp], [TransTimeStamp]) VALUES (N'T0001', N'P0001', CAST(N'2021-10-28T00:00:00.000' AS Date), CAST(N'9:45:15' AS Time))
INSERT [dbo].[Transactions] ([TransID], [PeopleID], [TransDateStamp], [TransTimeStamp]) VALUES (N'T0002', N'P0002', CAST(N'2021-11-06T00:00:00.000' AS Date), CAST(N'12:15:45' AS Time))
INSERT [dbo].[Transactions] ([TransID], [PeopleID], [TransDateStamp], [TransTimeStamp]) VALUES (N'T0003', N'P0004', CAST(N'2021-09-01T00:00:00.000' AS Date), CAST(N'15:55:57' AS Time))
GO
INSERT [dbo].[TransactionDetails] ([TransID], [VehicleID], [MedicineID], [FoodID], [WeaponID], [MiscID], [QuantityBought]) VALUES (N'T0001', N'NULL', N'NULL', N'F0002', N'NULL', N'NULL', 5)
INSERT [dbo].[TransactionDetails] ([TransID], [VehicleID], [MedicineID], [FoodID], [WeaponID], [MiscID], [QuantityBought]) VALUES (N'T0001', N'NULL', N'NULL', N'NULL', N'W0002', N'NULL', 3)
INSERT [dbo].[TransactionDetails] ([TransID], [VehicleID], [MedicineID], [FoodID], [WeaponID], [MiscID], [QuantityBought]) VALUES (N'T0001', N'V0001', N'NULL', N'NULL', N'NULL', N'NULL', 1)
INSERT [dbo].[TransactionDetails] ([TransID], [VehicleID], [MedicineID], [FoodID], [WeaponID], [MiscID], [QuantityBought]) VALUES (N'T0002', N'V0004', N'NULL', N'NULL', N'NULL', N'NULL', 1)
INSERT [dbo].[TransactionDetails] ([TransID], [VehicleID], [MedicineID], [FoodID], [WeaponID], [MiscID], [QuantityBought]) VALUES (N'T0003', N'NULL', N'NULL', N'NULL', N'NULL', N'NULL', 1)
GO
INSERT [dbo].[Zombies] ([ZombieID], [ZombieDescription], [ZombiePricePerKill]) VALUES (N'Z0001', N'Walker', 0.1000)
INSERT [dbo].[Zombies] ([ZombieID], [ZombieDescription], [ZombiePricePerKill]) VALUES (N'Z0002', N'Crawler', 0.1000)
INSERT [dbo].[Zombies] ([ZombieID], [ZombieDescription], [ZombiePricePerKill]) VALUES (N'Z0003', N'Runner', 0.2500)
INSERT [dbo].[Zombies] ([ZombieID], [ZombieDescription], [ZombiePricePerKill]) VALUES (N'Z0004', N'Exploder', 0.2500)
INSERT [dbo].[Zombies] ([ZombieID], [ZombieDescription], [ZombiePricePerKill]) VALUES (N'Z0005', N'Leaper', 0.3000)
INSERT [dbo].[Zombies] ([ZombieID], [ZombieDescription], [ZombiePricePerKill]) VALUES (N'Z0006', N'Spitter', 0.3000)
INSERT [dbo].[Zombies] ([ZombieID], [ZombieDescription], [ZombiePricePerKill]) VALUES (N'Z0007', N'Screamer', 0.5000)
INSERT [dbo].[Zombies] ([ZombieID], [ZombieDescription], [ZombiePricePerKill]) VALUES (N'Z0008', N'Brute', 1.0000)
INSERT [dbo].[Zombies] ([ZombieID], [ZombieDescription], [ZombiePricePerKill]) VALUES (N'Z0009', N'Tank', 1.2500)
GO